Latitude,Longitude,Shape,Size,FLOOD_MAP-1_3ARCSEC-NW_OFFSET-1in5-FLUVIAL-DEFENDED-DEPTH-2020-PERCENTILE50-v3.1_mean,FLOOD_MAP-1_3ARCSEC-NW_OFFSET-1in5-FLUVIAL-DEFENDED-DEPTH-2020-PERCENTILE50-v3.1_min,FLOOD_MAP-1_3ARCSEC-NW_OFFSET-1in5-FLUVIAL-DEFENDED-DEPTH-2020-PERCENTILE50-v3.1_max,FLOOD_MAP-1_3ARCSEC-NW_OFFSET-1in5-FLUVIAL-DEFENDED-DEPTH-2020-PERCENTILE50-v3.1_std_dev,FLOOD_MAP-1_3ARCSEC-NW_OFFSET-1in10-FLUVIAL-DEFENDED-DEPTH-2020-PERCENTILE50-v3.1_mean,FLOOD_MAP-1_3ARCSEC-NW_OFFSET-1in10-FLUVIAL-DEFENDED-DEPTH-2020-PERCENTILE50-v3.1_min,FLOOD_MAP-1_3ARCSEC-NW_OFFSET-1in10-FLUVIAL-DEFENDED-DEPTH-2020-PERCENTILE50-v3.1_max,FLOOD_MAP-1_3ARCSEC-NW_OFFSET-1in10-FLUVIAL-DEFENDED-DEPTH-2020-PERCENTILE50-v3.1_std_dev,FLOOD_MAP-1_3ARCSEC-NW_OFFSET-1in20-FLUVIAL-DEFENDED-DEPTH-2020-PERCENTILE50-v3.1_mean,FLOOD_MAP-1_3ARCSEC-NW_OFFSET-1in20-FLUVIAL-DEFENDED-DEPTH-2020-PERCENTILE50-v3.1_min,FLOOD_MAP-1_3ARCSEC-NW_OFFSET-1in20-FLUVIAL-DEFENDED-DEPTH-2020-PERCENTILE50-v3.1_max,FLOOD_MAP-1_3ARCSEC-NW_OFFSET-1in20-FLUVIAL-DEFENDED-DEPTH-2020-PERCENTILE50-v3.1_std_dev,FLOOD_MAP-1_3ARCSEC-NW_OFFSET-1in50-FLUVIAL-DEFENDED-DEPTH-2020-PERCENTILE50-v3.1_mean,FLOOD_MAP-1_3ARCSEC-NW_OFFSET-1in50-FLUVIAL-DEFENDED-DEPTH-2020-PERCENTILE50-v3.1_min,FLOOD_MAP-1_3ARCSEC-NW_OFFSET-1in50-FLUVIAL-DEFENDED-DEPTH-2020-PERCENTILE50-v3.1_max,FLOOD_MAP-1_3ARCSEC-NW_OFFSET-1in50-FLUVIAL-DEFENDED-DEPTH-2020-PERCENTILE50-v3.1_std_dev,FLOOD_MAP-1_3ARCSEC-NW_OFFSET-1in100-FLUVIAL-DEFENDED-DEPTH-2020-PERCENTILE50-v3.1_mean,FLOOD_MAP-1_3ARCSEC-NW_OFFSET-1in100-FLUVIAL-DEFENDED-DEPTH-2020-PERCENTILE50-v3.1_min,FLOOD_MAP-1_3ARCSEC-NW_OFFSET-1in100-FLUVIAL-DEFENDED-DEPTH-2020-PERCENTILE50-v3.1_max,FLOOD_MAP-1_3ARCSEC-NW_OFFSET-1in100-FLUVIAL-DEFENDED-DEPTH-2020-PERCENTILE50-v3.1_std_dev,FLOOD_MAP-1_3ARCSEC-NW_OFFSET-1in200-FLUVIAL-DEFENDED-DEPTH-2020-PERCENTILE50-v3.1_mean,FLOOD_MAP-1_3ARCSEC-NW_OFFSET-1in200-FLUVIAL-DEFENDED-DEPTH-2020-PERCENTILE50-v3.1_min,FLOOD_MAP-1_3ARCSEC-NW_OFFSET-1in200-FLUVIAL-DEFENDED-DEPTH-2020-PERCENTILE50-v3.1_max,FLOOD_MAP-1_3ARCSEC-NW_OFFSET-1in200-FLUVIAL-DEFENDED-DEPTH-2020-PERCENTILE50-v3.1_std_dev,FLOOD_MAP-1_3ARCSEC-NW_OFFSET-1in500-FLUVIAL-DEFENDED-DEPTH-2020-PERCENTILE50-v3.1_mean,FLOOD_MAP-1_3ARCSEC-NW_OFFSET-1in500-FLUVIAL-DEFENDED-DEPTH-2020-PERCENTILE50-v3.1_min,FLOOD_MAP-1_3ARCSEC-NW_OFFSET-1in500-FLUVIAL-DEFENDED-DEPTH-2020-PERCENTILE50-v3.1_max,FLOOD_MAP-1_3ARCSEC-NW_OFFSET-1in500-FLUVIAL-DEFENDED-DEPTH-2020-PERCENTILE50-v3.1_std_dev,FLOOD_MAP-1_3ARCSEC-NW_OFFSET-1in1000-FLUVIAL-DEFENDED-DEPTH-2020-PERCENTILE50-v3.1_mean,FLOOD_MAP-1_3ARCSEC-NW_OFFSET-1in1000-FLUVIAL-DEFENDED-DEPTH-2020-PERCENTILE50-v3.1_min,FLOOD_MAP-1_3ARCSEC-NW_OFFSET-1in1000-FLUVIAL-DEFENDED-DEPTH-2020-PERCENTILE50-v3.1_max,FLOOD_MAP-1_3ARCSEC-NW_OFFSET-1in1000-FLUVIAL-DEFENDED-DEPTH-2020-PERCENTILE50-v3.1_std_dev,FLOOD_MAP-1_3ARCSEC-NW_OFFSET-1in5-FLUVIAL-DEFENDED_KNOWN-DEPTH-2020-PERCENTILE50-v3.1_mean,FLOOD_MAP-1_3ARCSEC-NW_OFFSET-1in5-FLUVIAL-DEFENDED_KNOWN-DEPTH-2020-PERCENTILE50-v3.1_min,FLOOD_MAP-1_3ARCSEC-NW_OFFSET-1in5-FLUVIAL-DEFENDED_KNOWN-DEPTH-2020-PERCENTILE50-v3.1_max,FLOOD_MAP-1_3ARCSEC-NW_OFFSET-1in5-FLUVIAL-DEFENDED_KNOWN-DEPTH-2020-PERCENTILE50-v3.1_std_dev,FLOOD_MAP-1_3ARCSEC-NW_OFFSET-1in10-FLUVIAL-DEFENDED_KNOWN-DEPTH-2020-PERCENTILE50-v3.1_mean,FLOOD_MAP-1_3ARCSEC-NW_OFFSET-1in10-FLUVIAL-DEFENDED_KNOWN-DEPTH-2020-PERCENTILE50-v3.1_min,FLOOD_MAP-1_3ARCSEC-NW_OFFSET-1in10-FLUVIAL-DEFENDED_KNOWN-DEPTH-2020-PERCENTILE50-v3.1_max,FLOOD_MAP-1_3ARCSEC-NW_OFFSET-1in10-FLUVIAL-DEFENDED_KNOWN-DEPTH-2020-PERCENTILE50-v3.1_std_dev,FLOOD_MAP-1_3ARCSEC-NW_OFFSET-1in20-FLUVIAL-DEFENDED_KNOWN-DEPTH-2020-PERCENTILE50-v3.1_mean,FLOOD_MAP-1_3ARCSEC-NW_OFFSET-1in20-FLUVIAL-DEFENDED_KNOWN-DEPTH-2020-PERCENTILE50-v3.1_min,FLOOD_MAP-1_3ARCSEC-NW_OFFSET-1in20-FLUVIAL-DEFENDED_KNOWN-DEPTH-2020-PERCENTILE50-v3.1_max,FLOOD_MAP-1_3ARCSEC-NW_OFFSET-1in20-FLUVIAL-DEFENDED_KNOWN-DEPTH-2020-PERCENTILE50-v3.1_std_dev,FLOOD_MAP-1_3ARCSEC-NW_OFFSET-1in50-FLUVIAL-DEFENDED_KNOWN-DEPTH-2020-PERCENTILE50-v3.1_mean,FLOOD_MAP-1_3ARCSEC-NW_OFFSET-1in50-FLUVIAL-DEFENDED_KNOWN-DEPTH-2020-PERCENTILE50-v3.1_min,FLOOD_MAP-1_3ARCSEC-NW_OFFSET-1in50-FLUVIAL-DEFENDED_KNOWN-DEPTH-2020-PERCENTILE50-v3.1_max,FLOOD_MAP-1_3ARCSEC-NW_OFFSET-1in50-FLUVIAL-DEFENDED_KNOWN-DEPTH-2020-PERCENTILE50-v3.1_std_dev,FLOOD_MAP-1_3ARCSEC-NW_OFFSET-1in100-FLUVIAL-DEFENDED_KNOWN-DEPTH-2020-PERCENTILE50-v3.1_mean,FLOOD_MAP-1_3ARCSEC-NW_OFFSET-1in100-FLUVIAL-DEFENDED_KNOWN-DEPTH-2020-PERCENTILE50-v3.1_min,FLOOD_MAP-1_3ARCSEC-NW_OFFSET-1in100-FLUVIAL-DEFENDED_KNOWN-DEPTH-2020-PERCENTILE50-v3.1_max,FLOOD_MAP-1_3ARCSEC-NW_OFFSET-1in100-FLUVIAL-DEFENDED_KNOWN-DEPTH-2020-PERCENTILE50-v3.1_std_dev,FLOOD_MAP-1_3ARCSEC-NW_OFFSET-1in200-FLUVIAL-DEFENDED_KNOWN-DEPTH-2020-PERCENTILE50-v3.1_mean,FLOOD_MAP-1_3ARCSEC-NW_OFFSET-1in200-FLUVIAL-DEFENDED_KNOWN-DEPTH-2020-PERCENTILE50-v3.1_min,FLOOD_MAP-1_3ARCSEC-NW_OFFSET-1in200-FLUVIAL-DEFENDED_KNOWN-DEPTH-2020-PERCENTILE50-v3.1_max,FLOOD_MAP-1_3ARCSEC-NW_OFFSET-1in200-FLUVIAL-DEFENDED_KNOWN-DEPTH-2020-PERCENTILE50-v3.1_std_dev,FLOOD_MAP-1_3ARCSEC-NW_OFFSET-1in500-FLUVIAL-DEFENDED_KNOWN-DEPTH-2020-PERCENTILE50-v3.1_mean,FLOOD_MAP-1_3ARCSEC-NW_OFFSET-1in500-FLUVIAL-DEFENDED_KNOWN-DEPTH-2020-PERCENTILE50-v3.1_min,FLOOD_MAP-1_3ARCSEC-NW_OFFSET-1in500-FLUVIAL-DEFENDED_KNOWN-DEPTH-2020-PERCENTILE50-v3.1_max,FLOOD_MAP-1_3ARCSEC-NW_OFFSET-1in500-FLUVIAL-DEFENDED_KNOWN-DEPTH-2020-PERCENTILE50-v3.1_std_dev,FLOOD_MAP-1_3ARCSEC-NW_OFFSET-1in1000-FLUVIAL-DEFENDED_KNOWN-DEPTH-2020-PERCENTILE50-v3.1_mean,FLOOD_MAP-1_3ARCSEC-NW_OFFSET-1in1000-FLUVIAL-DEFENDED_KNOWN-DEPTH-2020-PERCENTILE50-v3.1_min,FLOOD_MAP-1_3ARCSEC-NW_OFFSET-1in1000-FLUVIAL-DEFENDED_KNOWN-DEPTH-2020-PERCENTILE50-v3.1_max,FLOOD_MAP-1_3ARCSEC-NW_OFFSET-1in1000-FLUVIAL-DEFENDED_KNOWN-DEPTH-2020-PERCENTILE50-v3.1_std_dev,FLOOD_MAP-1_3ARCSEC-NW_OFFSET-1in5-FLUVIAL-UNDEFENDED-DEPTH-2020-PERCENTILE50-v3.1_mean,FLOOD_MAP-1_3ARCSEC-NW_OFFSET-1in5-FLUVIAL-UNDEFENDED-DEPTH-2020-PERCENTILE50-v3.1_min,FLOOD_MAP-1_3ARCSEC-NW_OFFSET-1in5-FLUVIAL-UNDEFENDED-DEPTH-2020-PERCENTILE50-v3.1_max,FLOOD_MAP-1_3ARCSEC-NW_OFFSET-1in5-FLUVIAL-UNDEFENDED-DEPTH-2020-PERCENTILE50-v3.1_std_dev,FLOOD_MAP-1_3ARCSEC-NW_OFFSET-1in10-FLUVIAL-UNDEFENDED-DEPTH-2020-PERCENTILE50-v3.1_mean,FLOOD_MAP-1_3ARCSEC-NW_OFFSET-1in10-FLUVIAL-UNDEFENDED-DEPTH-2020-PERCENTILE50-v3.1_min,FLOOD_MAP-1_3ARCSEC-NW_OFFSET-1in10-FLUVIAL-UNDEFENDED-DEPTH-2020-PERCENTILE50-v3.1_max,FLOOD_MAP-1_3ARCSEC-NW_OFFSET-1in10-FLUVIAL-UNDEFENDED-DEPTH-2020-PERCENTILE50-v3.1_std_dev,FLOOD_MAP-1_3ARCSEC-NW_OFFSET-1in20-FLUVIAL-UNDEFENDED-DEPTH-2020-PERCENTILE50-v3.1_mean,FLOOD_MAP-1_3ARCSEC-NW_OFFSET-1in20-FLUVIAL-UNDEFENDED-DEPTH-2020-PERCENTILE50-v3.1_min,FLOOD_MAP-1_3ARCSEC-NW_OFFSET-1in20-FLUVIAL-UNDEFENDED-DEPTH-2020-PERCENTILE50-v3.1_max,FLOOD_MAP-1_3ARCSEC-NW_OFFSET-1in20-FLUVIAL-UNDEFENDED-DEPTH-2020-PERCENTILE50-v3.1_std_dev,FLOOD_MAP-1_3ARCSEC-NW_OFFSET-1in50-FLUVIAL-UNDEFENDED-DEPTH-2020-PERCENTILE50-v3.1_mean,FLOOD_MAP-1_3ARCSEC-NW_OFFSET-1in50-FLUVIAL-UNDEFENDED-DEPTH-2020-PERCENTILE50-v3.1_min,FLOOD_MAP-1_3ARCSEC-NW_OFFSET-1in50-FLUVIAL-UNDEFENDED-DEPTH-2020-PERCENTILE50-v3.1_max,FLOOD_MAP-1_3ARCSEC-NW_OFFSET-1in50-FLUVIAL-UNDEFENDED-DEPTH-2020-PERCENTILE50-v3.1_std_dev,FLOOD_MAP-1_3ARCSEC-NW_OFFSET-1in100-FLUVIAL-UNDEFENDED-DEPTH-2020-PERCENTILE50-v3.1_mean,FLOOD_MAP-1_3ARCSEC-NW_OFFSET-1in100-FLUVIAL-UNDEFENDED-DEPTH-2020-PERCENTILE50-v3.1_min,FLOOD_MAP-1_3ARCSEC-NW_OFFSET-1in100-FLUVIAL-UNDEFENDED-DEPTH-2020-PERCENTILE50-v3.1_max,FLOOD_MAP-1_3ARCSEC-NW_OFFSET-1in100-FLUVIAL-UNDEFENDED-DEPTH-2020-PERCENTILE50-v3.1_std_dev,FLOOD_MAP-1_3ARCSEC-NW_OFFSET-1in200-FLUVIAL-UNDEFENDED-DEPTH-2020-PERCENTILE50-v3.1_mean,FLOOD_MAP-1_3ARCSEC-NW_OFFSET-1in200-FLUVIAL-UNDEFENDED-DEPTH-2020-PERCENTILE50-v3.1_min,FLOOD_MAP-1_3ARCSEC-NW_OFFSET-1in200-FLUVIAL-UNDEFENDED-DEPTH-2020-PERCENTILE50-v3.1_max,FLOOD_MAP-1_3ARCSEC-NW_OFFSET-1in200-FLUVIAL-UNDEFENDED-DEPTH-2020-PERCENTILE50-v3.1_std_dev,FLOOD_MAP-1_3ARCSEC-NW_OFFSET-1in500-FLUVIAL-UNDEFENDED-DEPTH-2020-PERCENTILE50-v3.1_mean,FLOOD_MAP-1_3ARCSEC-NW_OFFSET-1in500-FLUVIAL-UNDEFENDED-DEPTH-2020-PERCENTILE50-v3.1_min,FLOOD_MAP-1_3ARCSEC-NW_OFFSET-1in500-FLUVIAL-UNDEFENDED-DEPTH-2020-PERCENTILE50-v3.1_max,FLOOD_MAP-1_3ARCSEC-NW_OFFSET-1in500-FLUVIAL-UNDEFENDED-DEPTH-2020-PERCENTILE50-v3.1_std_dev,FLOOD_MAP-1_3ARCSEC-NW_OFFSET-1in1000-FLUVIAL-UNDEFENDED-DEPTH-2020-PERCENTILE50-v3.1_mean,FLOOD_MAP-1_3ARCSEC-NW_OFFSET-1in1000-FLUVIAL-UNDEFENDED-DEPTH-2020-PERCENTILE50-v3.1_min,FLOOD_MAP-1_3ARCSEC-NW_OFFSET-1in1000-FLUVIAL-UNDEFENDED-DEPTH-2020-PERCENTILE50-v3.1_max,FLOOD_MAP-1_3ARCSEC-NW_OFFSET-1in1000-FLUVIAL-UNDEFENDED-DEPTH-2020-PERCENTILE50-v3.1_std_dev,FLOOD_MAP-1_3ARCSEC-NW_OFFSET-1in5-PLUVIAL-DEFENDED-DEPTH-2020-PERCENTILE50-v3.1_mean,FLOOD_MAP-1_3ARCSEC-NW_OFFSET-1in5-PLUVIAL-DEFENDED-DEPTH-2020-PERCENTILE50-v3.1_min,FLOOD_MAP-1_3ARCSEC-NW_OFFSET-1in5-PLUVIAL-DEFENDED-DEPTH-2020-PERCENTILE50-v3.1_max,FLOOD_MAP-1_3ARCSEC-NW_OFFSET-1in5-PLUVIAL-DEFENDED-DEPTH-2020-PERCENTILE50-v3.1_std_dev,FLOOD_MAP-1_3ARCSEC-NW_OFFSET-1in10-PLUVIAL-DEFENDED-DEPTH-2020-PERCENTILE50-v3.1_mean,FLOOD_MAP-1_3ARCSEC-NW_OFFSET-1in10-PLUVIAL-DEFENDED-DEPTH-2020-PERCENTILE50-v3.1_min,FLOOD_MAP-1_3ARCSEC-NW_OFFSET-1in10-PLUVIAL-DEFENDED-DEPTH-2020-PERCENTILE50-v3.1_max,FLOOD_MAP-1_3ARCSEC-NW_OFFSET-1in10-PLUVIAL-DEFENDED-DEPTH-2020-PERCENTILE50-v3.1_std_dev,FLOOD_MAP-1_3ARCSEC-NW_OFFSET-1in20-PLUVIAL-DEFENDED-DEPTH-2020-PERCENTILE50-v3.1_mean,FLOOD_MAP-1_3ARCSEC-NW_OFFSET-1in20-PLUVIAL-DEFENDED-DEPTH-2020-PERCENTILE50-v3.1_min,FLOOD_MAP-1_3ARCSEC-NW_OFFSET-1in20-PLUVIAL-DEFENDED-DEPTH-2020-PERCENTILE50-v3.1_max,FLOOD_MAP-1_3ARCSEC-NW_OFFSET-1in20-PLUVIAL-DEFENDED-DEPTH-2020-PERCENTILE50-v3.1_std_dev,FLOOD_MAP-1_3ARCSEC-NW_OFFSET-1in50-PLUVIAL-DEFENDED-DEPTH-2020-PERCENTILE50-v3.1_mean,FLOOD_MAP-1_3ARCSEC-NW_OFFSET-1in50-PLUVIAL-DEFENDED-DEPTH-2020-PERCENTILE50-v3.1_min,FLOOD_MAP-1_3ARCSEC-NW_OFFSET-1in50-PLUVIAL-DEFENDED-DEPTH-2020-PERCENTILE50-v3.1_max,FLOOD_MAP-1_3ARCSEC-NW_OFFSET-1in50-PLUVIAL-DEFENDED-DEPTH-2020-PERCENTILE50-v3.1_std_dev,FLOOD_MAP-1_3ARCSEC-NW_OFFSET-1in100-PLUVIAL-DEFENDED-DEPTH-2020-PERCENTILE50-v3.1_mean,FLOOD_MAP-1_3ARCSEC-NW_OFFSET-1in100-PLUVIAL-DEFENDED-DEPTH-2020-PERCENTILE50-v3.1_min,FLOOD_MAP-1_3ARCSEC-NW_OFFSET-1in100-PLUVIAL-DEFENDED-DEPTH-2020-PERCENTILE50-v3.1_max,FLOOD_MAP-1_3ARCSEC-NW_OFFSET-1in100-PLUVIAL-DEFENDED-DEPTH-2020-PERCENTILE50-v3.1_std_dev,FLOOD_MAP-1_3ARCSEC-NW_OFFSET-1in200-PLUVIAL-DEFENDED-DEPTH-2020-PERCENTILE50-v3.1_mean,FLOOD_MAP-1_3ARCSEC-NW_OFFSET-1in200-PLUVIAL-DEFENDED-DEPTH-2020-PERCENTILE50-v3.1_min,FLOOD_MAP-1_3ARCSEC-NW_OFFSET-1in200-PLUVIAL-DEFENDED-DEPTH-2020-PERCENTILE50-v3.1_max,FLOOD_MAP-1_3ARCSEC-NW_OFFSET-1in200-PLUVIAL-DEFENDED-DEPTH-2020-PERCENTILE50-v3.1_std_dev,FLOOD_MAP-1_3ARCSEC-NW_OFFSET-1in500-PLUVIAL-DEFENDED-DEPTH-2020-PERCENTILE50-v3.1_mean,FLOOD_MAP-1_3ARCSEC-NW_OFFSET-1in500-PLUVIAL-DEFENDED-DEPTH-2020-PERCENTILE50-v3.1_min,FLOOD_MAP-1_3ARCSEC-NW_OFFSET-1in500-PLUVIAL-DEFENDED-DEPTH-2020-PERCENTILE50-v3.1_max,FLOOD_MAP-1_3ARCSEC-NW_OFFSET-1in500-PLUVIAL-DEFENDED-DEPTH-2020-PERCENTILE50-v3.1_std_dev,FLOOD_MAP-1_3ARCSEC-NW_OFFSET-1in1000-PLUVIAL-DEFENDED-DEPTH-2020-PERCENTILE50-v3.1_mean,FLOOD_MAP-1_3ARCSEC-NW_OFFSET-1in1000-PLUVIAL-DEFENDED-DEPTH-2020-PERCENTILE50-v3.1_min,FLOOD_MAP-1_3ARCSEC-NW_OFFSET-1in1000-PLUVIAL-DEFENDED-DEPTH-2020-PERCENTILE50-v3.1_max,FLOOD_MAP-1_3ARCSEC-NW_OFFSET-1in1000-PLUVIAL-DEFENDED-DEPTH-2020-PERCENTILE50-v3.1_std_dev,FLOOD_MAP-1_3ARCSEC-NW_OFFSET-1in5-COASTAL-DEFENDED-DEPTH-2020-PERCENTILE50-v3.1_mean,FLOOD_MAP-1_3ARCSEC-NW_OFFSET-1in5-COASTAL-DEFENDED-DEPTH-2020-PERCENTILE50-v3.1_min,FLOOD_MAP-1_3ARCSEC-NW_OFFSET-1in5-COASTAL-DEFENDED-DEPTH-2020-PERCENTILE50-v3.1_max,FLOOD_MAP-1_3ARCSEC-NW_OFFSET-1in5-COASTAL-DEFENDED-DEPTH-2020-PERCENTILE50-v3.1_std_dev,FLOOD_MAP-1_3ARCSEC-NW_OFFSET-1in10-COASTAL-DEFENDED-DEPTH-2020-PERCENTILE50-v3.1_mean,FLOOD_MAP-1_3ARCSEC-NW_OFFSET-1in10-COASTAL-DEFENDED-DEPTH-2020-PERCENTILE50-v3.1_min,FLOOD_MAP-1_3ARCSEC-NW_OFFSET-1in10-COASTAL-DEFENDED-DEPTH-2020-PERCENTILE50-v3.1_max,FLOOD_MAP-1_3ARCSEC-NW_OFFSET-1in10-COASTAL-DEFENDED-DEPTH-2020-PERCENTILE50-v3.1_std_dev,FLOOD_MAP-1_3ARCSEC-NW_OFFSET-1in20-COASTAL-DEFENDED-DEPTH-2020-PERCENTILE50-v3.1_mean,FLOOD_MAP-1_3ARCSEC-NW_OFFSET-1in20-COASTAL-DEFENDED-DEPTH-2020-PERCENTILE50-v3.1_min,FLOOD_MAP-1_3ARCSEC-NW_OFFSET-1in20-COASTAL-DEFENDED-DEPTH-2020-PERCENTILE50-v3.1_max,FLOOD_MAP-1_3ARCSEC-NW_OFFSET-1in20-COASTAL-DEFENDED-DEPTH-2020-PERCENTILE50-v3.1_std_dev,FLOOD_MAP-1_3ARCSEC-NW_OFFSET-1in50-COASTAL-DEFENDED-DEPTH-2020-PERCENTILE50-v3.1_mean,FLOOD_MAP-1_3ARCSEC-NW_OFFSET-1in50-COASTAL-DEFENDED-DEPTH-2020-PERCENTILE50-v3.1_min,FLOOD_MAP-1_3ARCSEC-NW_OFFSET-1in50-COASTAL-DEFENDED-DEPTH-2020-PERCENTILE50-v3.1_max,FLOOD_MAP-1_3ARCSEC-NW_OFFSET-1in50-COASTAL-DEFENDED-DEPTH-2020-PERCENTILE50-v3.1_std_dev,FLOOD_MAP-1_3ARCSEC-NW_OFFSET-1in100-COASTAL-DEFENDED-DEPTH-2020-PERCENTILE50-v3.1_mean,FLOOD_MAP-1_3ARCSEC-NW_OFFSET-1in100-COASTAL-DEFENDED-DEPTH-2020-PERCENTILE50-v3.1_min,FLOOD_MAP-1_3ARCSEC-NW_OFFSET-1in100-COASTAL-DEFENDED-DEPTH-2020-PERCENTILE50-v3.1_max,FLOOD_MAP-1_3ARCSEC-NW_OFFSET-1in100-COASTAL-DEFENDED-DEPTH-2020-PERCENTILE50-v3.1_std_dev,FLOOD_MAP-1_3ARCSEC-NW_OFFSET-1in200-COASTAL-DEFENDED-DEPTH-2020-PERCENTILE50-v3.1_mean,FLOOD_MAP-1_3ARCSEC-NW_OFFSET-1in200-COASTAL-DEFENDED-DEPTH-2020-PERCENTILE50-v3.1_min,FLOOD_MAP-1_3ARCSEC-NW_OFFSET-1in200-COASTAL-DEFENDED-DEPTH-2020-PERCENTILE50-v3.1_max,FLOOD_MAP-1_3ARCSEC-NW_OFFSET-1in200-COASTAL-DEFENDED-DEPTH-2020-PERCENTILE50-v3.1_std_dev,FLOOD_MAP-1_3ARCSEC-NW_OFFSET-1in500-COASTAL-DEFENDED-DEPTH-2020-PERCENTILE50-v3.1_mean,FLOOD_MAP-1_3ARCSEC-NW_OFFSET-1in500-COASTAL-DEFENDED-DEPTH-2020-PERCENTILE50-v3.1_min,FLOOD_MAP-1_3ARCSEC-NW_OFFSET-1in500-COASTAL-DEFENDED-DEPTH-2020-PERCENTILE50-v3.1_max,FLOOD_MAP-1_3ARCSEC-NW_OFFSET-1in500-COASTAL-DEFENDED-DEPTH-2020-PERCENTILE50-v3.1_std_dev,FLOOD_MAP-1_3ARCSEC-NW_OFFSET-1in1000-COASTAL-DEFENDED-DEPTH-2020-PERCENTILE50-v3.1_mean,FLOOD_MAP-1_3ARCSEC-NW_OFFSET-1in1000-COASTAL-DEFENDED-DEPTH-2020-PERCENTILE50-v3.1_min,FLOOD_MAP-1_3ARCSEC-NW_OFFSET-1in1000-COASTAL-DEFENDED-DEPTH-2020-PERCENTILE50-v3.1_max,FLOOD_MAP-1_3ARCSEC-NW_OFFSET-1in1000-COASTAL-DEFENDED-DEPTH-2020-PERCENTILE50-v3.1_std_dev,FLOOD_MAP-1_3ARCSEC-NW_OFFSET-1in5-COASTAL-DEFENDED_KNOWN-DEPTH-2020-PERCENTILE50-v3.1_mean,FLOOD_MAP-1_3ARCSEC-NW_OFFSET-1in5-COASTAL-DEFENDED_KNOWN-DEPTH-2020-PERCENTILE50-v3.1_min,FLOOD_MAP-1_3ARCSEC-NW_OFFSET-1in5-COASTAL-DEFENDED_KNOWN-DEPTH-2020-PERCENTILE50-v3.1_max,FLOOD_MAP-1_3ARCSEC-NW_OFFSET-1in5-COASTAL-DEFENDED_KNOWN-DEPTH-2020-PERCENTILE50-v3.1_std_dev,FLOOD_MAP-1_3ARCSEC-NW_OFFSET-1in10-COASTAL-DEFENDED_KNOWN-DEPTH-2020-PERCENTILE50-v3.1_mean,FLOOD_MAP-1_3ARCSEC-NW_OFFSET-1in10-COASTAL-DEFENDED_KNOWN-DEPTH-2020-PERCENTILE50-v3.1_min,FLOOD_MAP-1_3ARCSEC-NW_OFFSET-1in10-COASTAL-DEFENDED_KNOWN-DEPTH-2020-PERCENTILE50-v3.1_max,FLOOD_MAP-1_3ARCSEC-NW_OFFSET-1in10-COASTAL-DEFENDED_KNOWN-DEPTH-2020-PERCENTILE50-v3.1_std_dev,FLOOD_MAP-1_3ARCSEC-NW_OFFSET-1in20-COASTAL-DEFENDED_KNOWN-DEPTH-2020-PERCENTILE50-v3.1_mean,FLOOD_MAP-1_3ARCSEC-NW_OFFSET-1in20-COASTAL-DEFENDED_KNOWN-DEPTH-2020-PERCENTILE50-v3.1_min,FLOOD_MAP-1_3ARCSEC-NW_OFFSET-1in20-COASTAL-DEFENDED_KNOWN-DEPTH-2020-PERCENTILE50-v3.1_max,FLOOD_MAP-1_3ARCSEC-NW_OFFSET-1in20-COASTAL-DEFENDED_KNOWN-DEPTH-2020-PERCENTILE50-v3.1_std_dev,FLOOD_MAP-1_3ARCSEC-NW_OFFSET-1in50-COASTAL-DEFENDED_KNOWN-DEPTH-2020-PERCENTILE50-v3.1_mean,FLOOD_MAP-1_3ARCSEC-NW_OFFSET-1in50-COASTAL-DEFENDED_KNOWN-DEPTH-2020-PERCENTILE50-v3.1_min,FLOOD_MAP-1_3ARCSEC-NW_OFFSET-1in50-COASTAL-DEFENDED_KNOWN-DEPTH-2020-PERCENTILE50-v3.1_max,FLOOD_MAP-1_3ARCSEC-NW_OFFSET-1in50-COASTAL-DEFENDED_KNOWN-DEPTH-2020-PERCENTILE50-v3.1_std_dev,FLOOD_MAP-1_3ARCSEC-NW_OFFSET-1in100-COASTAL-DEFENDED_KNOWN-DEPTH-2020-PERCENTILE50-v3.1_mean,FLOOD_MAP-1_3ARCSEC-NW_OFFSET-1in100-COASTAL-DEFENDED_KNOWN-DEPTH-2020-PERCENTILE50-v3.1_min,FLOOD_MAP-1_3ARCSEC-NW_OFFSET-1in100-COASTAL-DEFENDED_KNOWN-DEPTH-2020-PERCENTILE50-v3.1_max,FLOOD_MAP-1_3ARCSEC-NW_OFFSET-1in100-COASTAL-DEFENDED_KNOWN-DEPTH-2020-PERCENTILE50-v3.1_std_dev,FLOOD_MAP-1_3ARCSEC-NW_OFFSET-1in200-COASTAL-DEFENDED_KNOWN-DEPTH-2020-PERCENTILE50-v3.1_mean,FLOOD_MAP-1_3ARCSEC-NW_OFFSET-1in200-COASTAL-DEFENDED_KNOWN-DEPTH-2020-PERCENTILE50-v3.1_min,FLOOD_MAP-1_3ARCSEC-NW_OFFSET-1in200-COASTAL-DEFENDED_KNOWN-DEPTH-2020-PERCENTILE50-v3.1_max,FLOOD_MAP-1_3ARCSEC-NW_OFFSET-1in200-COASTAL-DEFENDED_KNOWN-DEPTH-2020-PERCENTILE50-v3.1_std_dev,FLOOD_MAP-1_3ARCSEC-NW_OFFSET-1in500-COASTAL-DEFENDED_KNOWN-DEPTH-2020-PERCENTILE50-v3.1_mean,FLOOD_MAP-1_3ARCSEC-NW_OFFSET-1in500-COASTAL-DEFENDED_KNOWN-DEPTH-2020-PERCENTILE50-v3.1_min,FLOOD_MAP-1_3ARCSEC-NW_OFFSET-1in500-COASTAL-DEFENDED_KNOWN-DEPTH-2020-PERCENTILE50-v3.1_max,FLOOD_MAP-1_3ARCSEC-NW_OFFSET-1in500-COASTAL-DEFENDED_KNOWN-DEPTH-2020-PERCENTILE50-v3.1_std_dev,FLOOD_MAP-1_3ARCSEC-NW_OFFSET-1in1000-COASTAL-DEFENDED_KNOWN-DEPTH-2020-PERCENTILE50-v3.1_mean,FLOOD_MAP-1_3ARCSEC-NW_OFFSET-1in1000-COASTAL-DEFENDED_KNOWN-DEPTH-2020-PERCENTILE50-v3.1_min,FLOOD_MAP-1_3ARCSEC-NW_OFFSET-1in1000-COASTAL-DEFENDED_KNOWN-DEPTH-2020-PERCENTILE50-v3.1_max,FLOOD_MAP-1_3ARCSEC-NW_OFFSET-1in1000-COASTAL-DEFENDED_KNOWN-DEPTH-2020-PERCENTILE50-v3.1_std_dev,FLOOD_MAP-1_3ARCSEC-NW_OFFSET-1in5-COASTAL-UNDEFENDED-DEPTH-2020-PERCENTILE50-v3.1_mean,FLOOD_MAP-1_3ARCSEC-NW_OFFSET-1in5-COASTAL-UNDEFENDED-DEPTH-2020-PERCENTILE50-v3.1_min,FLOOD_MAP-1_3ARCSEC-NW_OFFSET-1in5-COASTAL-UNDEFENDED-DEPTH-2020-PERCENTILE50-v3.1_max,FLOOD_MAP-1_3ARCSEC-NW_OFFSET-1in5-COASTAL-UNDEFENDED-DEPTH-2020-PERCENTILE50-v3.1_std_dev,FLOOD_MAP-1_3ARCSEC-NW_OFFSET-1in10-COASTAL-UNDEFENDED-DEPTH-2020-PERCENTILE50-v3.1_mean,FLOOD_MAP-1_3ARCSEC-NW_OFFSET-1in10-COASTAL-UNDEFENDED-DEPTH-2020-PERCENTILE50-v3.1_min,FLOOD_MAP-1_3ARCSEC-NW_OFFSET-1in10-COASTAL-UNDEFENDED-DEPTH-2020-PERCENTILE50-v3.1_max,FLOOD_MAP-1_3ARCSEC-NW_OFFSET-1in10-COASTAL-UNDEFENDED-DEPTH-2020-PERCENTILE50-v3.1_std_dev,FLOOD_MAP-1_3ARCSEC-NW_OFFSET-1in20-COASTAL-UNDEFENDED-DEPTH-2020-PERCENTILE50-v3.1_mean,FLOOD_MAP-1_3ARCSEC-NW_OFFSET-1in20-COASTAL-UNDEFENDED-DEPTH-2020-PERCENTILE50-v3.1_min,FLOOD_MAP-1_3ARCSEC-NW_OFFSET-1in20-COASTAL-UNDEFENDED-DEPTH-2020-PERCENTILE50-v3.1_max,FLOOD_MAP-1_3ARCSEC-NW_OFFSET-1in20-COASTAL-UNDEFENDED-DEPTH-2020-PERCENTILE50-v3.1_std_dev,FLOOD_MAP-1_3ARCSEC-NW_OFFSET-1in50-COASTAL-UNDEFENDED-DEPTH-2020-PERCENTILE50-v3.1_mean,FLOOD_MAP-1_3ARCSEC-NW_OFFSET-1in50-COASTAL-UNDEFENDED-DEPTH-2020-PERCENTILE50-v3.1_min,FLOOD_MAP-1_3ARCSEC-NW_OFFSET-1in50-COASTAL-UNDEFENDED-DEPTH-2020-PERCENTILE50-v3.1_max,FLOOD_MAP-1_3ARCSEC-NW_OFFSET-1in50-COASTAL-UNDEFENDED-DEPTH-2020-PERCENTILE50-v3.1_std_dev,FLOOD_MAP-1_3ARCSEC-NW_OFFSET-1in100-COASTAL-UNDEFENDED-DEPTH-2020-PERCENTILE50-v3.1_mean,FLOOD_MAP-1_3ARCSEC-NW_OFFSET-1in100-COASTAL-UNDEFENDED-DEPTH-2020-PERCENTILE50-v3.1_min,FLOOD_MAP-1_3ARCSEC-NW_OFFSET-1in100-COASTAL-UNDEFENDED-DEPTH-2020-PERCENTILE50-v3.1_max,FLOOD_MAP-1_3ARCSEC-NW_OFFSET-1in100-COASTAL-UNDEFENDED-DEPTH-2020-PERCENTILE50-v3.1_std_dev,FLOOD_MAP-1_3ARCSEC-NW_OFFSET-1in200-COASTAL-UNDEFENDED-DEPTH-2020-PERCENTILE50-v3.1_mean,FLOOD_MAP-1_3ARCSEC-NW_OFFSET-1in200-COASTAL-UNDEFENDED-DEPTH-2020-PERCENTILE50-v3.1_min,FLOOD_MAP-1_3ARCSEC-NW_OFFSET-1in200-COASTAL-UNDEFENDED-DEPTH-2020-PERCENTILE50-v3.1_max,FLOOD_MAP-1_3ARCSEC-NW_OFFSET-1in200-COASTAL-UNDEFENDED-DEPTH-2020-PERCENTILE50-v3.1_std_dev,FLOOD_MAP-1_3ARCSEC-NW_OFFSET-1in500-COASTAL-UNDEFENDED-DEPTH-2020-PERCENTILE50-v3.1_mean,FLOOD_MAP-1_3ARCSEC-NW_OFFSET-1in500-COASTAL-UNDEFENDED-DEPTH-2020-PERCENTILE50-v3.1_min,FLOOD_MAP-1_3ARCSEC-NW_OFFSET-1in500-COASTAL-UNDEFENDED-DEPTH-2020-PERCENTILE50-v3.1_max,FLOOD_MAP-1_3ARCSEC-NW_OFFSET-1in500-COASTAL-UNDEFENDED-DEPTH-2020-PERCENTILE50-v3.1_std_dev,FLOOD_MAP-1_3ARCSEC-NW_OFFSET-1in1000-COASTAL-UNDEFENDED-DEPTH-2020-PERCENTILE50-v3.1_mean,FLOOD_MAP-1_3ARCSEC-NW_OFFSET-1in1000-COASTAL-UNDEFENDED-DEPTH-2020-PERCENTILE50-v3.1_min,FLOOD_MAP-1_3ARCSEC-NW_OFFSET-1in1000-COASTAL-UNDEFENDED-DEPTH-2020-PERCENTILE50-v3.1_max,FLOOD_MAP-1_3ARCSEC-NW_OFFSET-1in1000-COASTAL-UNDEFENDED-DEPTH-2020-PERCENTILE50-v3.1_std_dev,Location_Short_Name,FLOOD_MAP-1_3ARCSEC-NW_OFFSET-1in5-ALL-DEFENDED-DEPTH-2020-PERCENTILE50-v3.1_mean,FLOOD_MAP-1_3ARCSEC-NW_OFFSET-1in10-ALL-DEFENDED-DEPTH-2020-PERCENTILE50-v3.1_mean,FLOOD_MAP-1_3ARCSEC-NW_OFFSET-1in20-ALL-DEFENDED-DEPTH-2020-PERCENTILE50-v3.1_mean,FLOOD_MAP-1_3ARCSEC-NW_OFFSET-1in50-ALL-DEFENDED-DEPTH-2020-PERCENTILE50-v3.1_mean,FLOOD_MAP-1_3ARCSEC-NW_OFFSET-1in100-ALL-DEFENDED-DEPTH-2020-PERCENTILE50-v3.1_mean,FLOOD_MAP-1_3ARCSEC-NW_OFFSET-1in200-ALL-DEFENDED-DEPTH-2020-PERCENTILE50-v3.1_mean,FLOOD_MAP-1_3ARCSEC-NW_OFFSET-1in500-ALL-DEFENDED-DEPTH-2020-PERCENTILE50-v3.1_mean,FLOOD_MAP-1_3ARCSEC-NW_OFFSET-1in1000-ALL-DEFENDED-DEPTH-2020-PERCENTILE50-v3.1_mean,FLOOD_MAP-1_3ARCSEC-NW_OFFSET-1in5-ALL-UNDEFENDED-DEPTH-2020-PERCENTILE50-v3.1_mean,FLOOD_MAP-1_3ARCSEC-NW_OFFSET-1in10-ALL-UNDEFENDED-DEPTH-2020-PERCENTILE50-v3.1_mean,FLOOD_MAP-1_3ARCSEC-NW_OFFSET-1in20-ALL-UNDEFENDED-DEPTH-2020-PERCENTILE50-v3.1_mean,FLOOD_MAP-1_3ARCSEC-NW_OFFSET-1in50-ALL-UNDEFENDED-DEPTH-2020-PERCENTILE50-v3.1_mean,FLOOD_MAP-1_3ARCSEC-NW_OFFSET-1in100-ALL-UNDEFENDED-DEPTH-2020-PERCENTILE50-v3.1_mean,FLOOD_MAP-1_3ARCSEC-NW_OFFSET-1in200-ALL-UNDEFENDED-DEPTH-2020-PERCENTILE50-v3.1_mean,FLOOD_MAP-1_3ARCSEC-NW_OFFSET-1in500-ALL-UNDEFENDED-DEPTH-2020-PERCENTILE50-v3.1_mean,FLOOD_MAP-1_3ARCSEC-NW_OFFSET-1in1000-ALL-UNDEFENDED-DEPTH-2020-PERCENTILE50-v3.1_mean
36.832328,-119.325407,circle,570,2,0,1000,29,9,0,1000,87,13,0,1000,103,18,0,1000,119,19,0,1000,122,20,0,1000,127,22,0,1000,132,23,0,1000,138,2,0,1000,29,9,0,1000,87,13,0,1000,103,18,0,1000,119,19,0,1000,122,20,0,1000,127,22,0,1000,132,23,0,1000,138,11,0,1000,93,15,0,1000,109,18,0,1000,120,19,0,1000,124,21,0,1000,129,22,0,1000,133,25,0,1000,141,26,0,1000,147,0,0,0,0,0,0,0,0,0,0,0,0,0,0,0,0,0,0,0,0,0,0,315,4,1,0,1000,26,8,0,1000,69,-32768,-32768,-32768,0,-32768,-32768,-32768,0,-32768,-32768,-32768,0,-32768,-32768,-32768,0,-32768,-32768,-32768,0,-32768,-32768,-32768,0,-32768,-32768,-32768,0,-32768,-32768,-32768,0,-32768,-32768,-32768,0,-32768,-32768,-32768,0,-32768,-32768,-32768,0,-32768,-32768,-32768,0,-32768,-32768,-32768,0,-32768,-32768,-32768,0,-32768,-32768,-32768,0,-32768,-32768,-32768,0,-32768,-32768,-32768,0,-32768,-32768,-32768,0,-32768,-32768,-32768,0,-32768,-32768,-32768,0,-32768,-32768,-32768,0,-32768,-32768,-32768,0,-32768,-32768,-32768,0,-32768,-32768,-32768,0,PineFlatDam,2.18043294231467,8.76163985971702,12.0902164711573,16.4626919821018,17.4173418793083,18.6992381182731,20.2494860321683,21.8090458338372,9.90893699359052,13.9540452291692,16.7127826823074,18.0748579030112,19.5074374168581,20.6440923932761,22.9040996492925,24.6260732857661
39.39433427,-121.1390703,circle,570,24,0,1000,125,41,0,1000,182,47,0,1000,200,53,0,1000,213,54,0,1000,216,56,0,1000,220,62,0,1000,229,75,0,1000,252,24,0,1000,125,41,0,1000,182,47,0,1000,200,53,0,1000,213,54,0,1000,216,56,0,1000,220,62,0,1000,229,75,0,1000,252,43,0,1000,187,48,0,1000,200,53,0,1000,212,55,0,1000,217,56,0,1000,220,59,0,1000,226,77,0,1000,256,84,0,1000,269,21,0,1000,119,26,0,1000,137,28,0,1000,143,39,0,1000,166,46,0,1000,181,55,0,1000,201,71,0,1000,227,82,0,1000,247,-32768,-32768,-32768,0,-32768,-32768,-32768,0,-32768,-32768,-32768,0,-32768,-32768,-32768,0,-32768,-32768,-32768,0,-32768,-32768,-32768,0,-32768,-32768,-32768,0,-32768,-32768,-32768,0,-32768,-32768,-32768,0,-32768,-32768,-32768,0,-32768,-32768,-32768,0,-32768,-32768,-32768,0,-32768,-32768,-32768,0,-32768,-32768,-32768,0,-32768,-32768,-32768,0,-32768,-32768,-32768,0,-32768,-32768,-32768,0,-32768,-32768,-32768,0,-32768,-32768,-32768,0,-32768,-32768,-32768,0,-32768,-32768,-32768,0,-32768,-32768,-32768,0,-32768,-32768,-32768,0,-32768,-32768,-32768,0,NewBullardsBarandFIRO,24.8637954239569,37.5243606998654,42.963930013459,55.8901749663526,62.1835800807537,65.7693135935397,73.92866756393,88.4024226110364,38.9345895020188,43.2516823687752,47.7518169582773,57.4672947510094,63.8489905787349,68.2266487213997,86.3025572005384,95.2594885598923
37.409058,-122.05066,circle,570,0,0,0,0,0,0,0,0,0,0,0,0,0,0,0,0,0,0,0,0,0,0,0,0,0,0,0,0,0,0,0,0,0,0,0,0,0,0,0,0,0,0,0,0,0,0,0,0,0,0,0,0,0,0,0,0,0,0,0,0,0,0,0,0,0,0,0,0,0,0,0,0,0,0,0,0,0,0,0,0,0,0,0,0,0,0,0,0,0,0,0,0,0,0,0,0,0,0,0,0,0,0,0,0,0,0,0,0,4,0,120,8,7,0,133,11,8,0,141,12,10,0,190,13,13,0,203,15,0,0,0,0,0,0,0,0,0,0,0,0,0,0,0,0,0,0,0,0,0,0,0,0,0,0,0,0,0,0,0,0,0,0,0,0,0,0,0,0,0,0,0,0,0,0,0,0,0,0,0,0,0,0,0,0,0,0,0,0,0,0,0,0,0,0,0,0,0,0,0,0,0,0,0,0,0,0,0,0,0,0,0,0,0,0,0,0,0,0,0,0,0,0,0,0,MoffitArmyAirfield,0,0,0.00527983104540655,3.64665746080741,7.10673381528714,7.6339046381285,9.679311185119,12.4980911380067,0,0,0.00527983104540655,3.64665746080741,7.10673381528714,7.6339046381285,9.679311185119,12.4980911380067
33.752916,-118.10498,circle,570,0,0,0,0,0,0,0,0,0,0,0,0,1,0,45,5,13,0,218,30,24,0,242,47,54,0,254,67,69,0,270,80,0,0,0,0,0,0,0,0,0,0,26,2,8,0,169,21,19,0,236,39,27,0,247,51,55,0,258,68,69,0,272,80,0,0,0,0,0,0,0,0,6,0,74,11,37,0,230,52,54,0,255,65,67,0,267,74,78,0,283,82,85,0,295,86,0,0,0,0,0,0,0,0,0,0,0,0,0,0,39,3,1,0,51,5,2,0,74,7,2,0,77,9,3,0,78,10,0,0,0,0,0,0,123,5,3,0,188,15,4,0,192,16,4,0,194,16,5,0,196,18,13,0,205,27,14,0,207,28,4,0,193,16,5,0,197,17,5,0,200,18,6,0,204,19,6,0,204,20,7,0,204,21,15,0,207,29,15,0,210,30,13,0,210,27,14,0,214,29,15,0,217,30,16,0,221,31,18,0,224,32,19,0,227,33,20,0,230,35,20,0,233,35,SanGabrielRiver,0,0.292839818622799,3.26078245281029,4.41885479278709,13.6691975113361,24.6365074343562,54.7795001581778,68.5141832753348,12.84509121586,14.1507961615523,15.4337235052199,38.1173679215438,53.9028788358115,66.5146050827797,77.3975535168196,84.4692607824528
33.922708,-117.598171,circle,570,24,0,212,34,46,0,264,52,67,0,289,62,90,0,313,70,110,0,334,76,128,0,353,82,151,0,376,89,178,0,401,97,24,0,212,34,46,0,264,52,67,0,289,62,90,0,313,70,110,0,334,76,128,0,353,82,151,0,376,89,178,0,401,97,26,0,221,37,49,0,268,54,69,0,291,63,93,0,316,71,112,0,336,77,131,0,355,83,154,0,379,90,184,0,407,99,0,0,0,0,0,0,0,0,0,0,52,3,4,0,109,12,8,0,182,20,12,0,200,26,19,0,215,33,24,0,225,37,-32768,-32768,-32768,0,-32768,-32768,-32768,0,-32768,-32768,-32768,0,-32768,-32768,-32768,0,-32768,-32768,-32768,0,-32768,-32768,-32768,0,-32768,-32768,-32768,0,-32768,-32768,-32768,0,-32768,-32768,-32768,0,-32768,-32768,-32768,0,-32768,-32768,-32768,0,-32768,-32768,-32768,0,-32768,-32768,-32768,0,-32768,-32768,-32768,0,-32768,-32768,-32768,0,-32768,-32768,-32768,0,-32768,-32768,-32768,0,-32768,-32768,-32768,0,-32768,-32768,-32768,0,-32768,-32768,-32768,0,-32768,-32768,-32768,0,-32768,-32768,-32768,0,-32768,-32768,-32768,0,-32768,-32768,-32768,0,SantaAnaRiver,22.691131498471,44.1386631716907,64.4469200524247,87.3446920052425,106.156400174749,124.384359982525,146.937177806903,173.024814329402,24.9800786369594,47.0035823503713,66.8179117518567,90.0743556138052,108.800611620795,126.685102664919,149.593272171254,178.609523809524
34.245528,-119.185889,circle,570,0,0,0,0,7,0,114,20,15,0,179,34,24,0,214,45,34,0,238,53,44,0,261,62,60,0,294,75,74,0,322,87,0,0,0,0,7,0,114,20,15,0,179,34,24,0,214,45,34,0,238,53,44,0,261,62,60,0,294,75,74,0,322,87,0,0,0,0,9,0,136,24,16,0,187,37,26,0,220,47,36,0,243,55,46,0,267,64,63,0,302,78,78,0,329,90,0,0,0,0,9,0,120,17,53,0,325,71,95,0,359,104,124,0,416,126,158,0,478,150,212,0,558,185,262,0,621,208,0,0,0,0,0,0,0,0,0,0,0,0,0,0,0,0,0,0,0,0,0,0,0,0,0,0,0,0,0,0,0,0,0,0,0,0,0,0,0,0,0,0,0,0,0,0,0,0,0,0,0,0,0,0,0,0,0,0,0,0,0,0,0,0,0,0,0,0,0,0,0,0,0,0,0,0,0,0,0,0,0,0,0,0,0,0,0,0,0,0,0,0,0,0,0,0,SantaClaraRiver,0,10.2797304214298,51.319228800546,92.2226582494455,120.747909912984,153.768896092817,206.624040266166,255.368196553489,0,11.7131888756185,51.3223852584883,92.2226582494455,120.747909912984,153.768896092817,206.624040266166,255.368196553489
36.15718519,-109.548659,circle,570,0,0,0,0,0,0,0,0,1,0,61,5,2,0,76,8,2,0,80,9,10,0,109,22,27,0,164,44,38,0,189,55,0,0,0,0,1,0,55,5,1,0,72,7,2,0,79,9,2,0,81,9,16,0,131,31,30,0,171,47,40,0,192,57,0,0,0,0,1,0,55,5,1,0,72,7,2,0,79,9,2,0,81,9,16,0,131,31,30,0,171,47,40,0,192,57,0,0,0,0,0,0,19,2,1,0,31,3,2,0,43,6,3,0,55,8,4,0,66,10,5,0,81,12,7,0,88,14,-32768,-32768,-32768,0,-32768,-32768,-32768,0,-32768,-32768,-32768,0,-32768,-32768,-32768,0,-32768,-32768,-32768,0,-32768,-32768,-32768,0,-32768,-32768,-32768,0,-32768,-32768,-32768,0,-32768,-32768,-32768,0,-32768,-32768,-32768,0,-32768,-32768,-32768,0,-32768,-32768,-32768,0,-32768,-32768,-32768,0,-32768,-32768,-32768,0,-32768,-32768,-32768,0,-32768,-32768,-32768,0,-32768,-32768,-32768,0,-32768,-32768,-32768,0,-32768,-32768,-32768,0,-32768,-32768,-32768,0,-32768,-32768,-32768,0,-32768,-32768,-32768,0,-32768,-32768,-32768,0,-32768,-32768,-32768,0,PL84_99,0,0.223367414248021,1.62417546174142,3.49868073878628,4.80870712401055,12.0192117414248,28.1299472295515,38.7599769129288,0,0.878957783641161,2.00634894459103,3.84828496042216,4.94046833773087,17.2029188654354,30.9325527704486,40.4997526385224
36.15718519,-109.548659,circle,570,0,0,0,0,0,0,0,0,1,0,61,5,2,0,76,8,2,0,80,9,10,0,109,22,27,0,164,44,38,0,189,55,0,0,0,0,1,0,55,5,1,0,72,7,2,0,79,9,2,0,81,9,16,0,131,31,30,0,171,47,40,0,192,57,0,0,0,0,1,0,55,5,1,0,72,7,2,0,79,9,2,0,81,9,16,0,131,31,30,0,171,47,40,0,192,57,0,0,0,0,0,0,19,2,1,0,31,3,2,0,43,6,3,0,55,8,4,0,66,10,5,0,81,12,7,0,88,14,-32768,-32768,-32768,0,-32768,-32768,-32768,0,-32768,-32768,-32768,0,-32768,-32768,-32768,0,-32768,-32768,-32768,0,-32768,-32768,-32768,0,-32768,-32768,-32768,0,-32768,-32768,-32768,0,-32768,-32768,-32768,0,-32768,-32768,-32768,0,-32768,-32768,-32768,0,-32768,-32768,-32768,0,-32768,-32768,-32768,0,-32768,-32768,-32768,0,-32768,-32768,-32768,0,-32768,-32768,-32768,0,-32768,-32768,-32768,0,-32768,-32768,-32768,0,-32768,-32768,-32768,0,-32768,-32768,-32768,0,-32768,-32768,-32768,0,-32768,-32768,-32768,0,-32768,-32768,-32768,0,-32768,-32768,-32768,0,PL84_99,0,0.223367414248021,1.62417546174142,3.49868073878628,4.80870712401055,12.0192117414248,28.1299472295515,38.7599769129288,0,0.878957783641161,2.00634894459103,3.84828496042216,4.94046833773087,17.2029188654354,30.9325527704486,40.4997526385224
37.43925164,-122.1802259,circle,570,0,0,0,0,0,0,0,0,0,0,0,0,0,0,0,0,0,0,0,0,0,0,0,0,0,0,0,0,0,0,0,0,0,0,0,0,0,0,0,0,0,0,0,0,0,0,0,0,0,0,0,0,0,0,0,0,0,0,0,0,0,0,0,0,0,0,0,0,0,0,0,0,0,0,0,0,0,0,0,0,0,0,0,0,0,0,0,0,0,0,0,0,0,0,0,0,0,0,0,0,2,0,410,17,11,0,606,66,27,0,739,98,38,0,745,98,42,0,747,99,47,0,751,99,49,0,752,99,0,0,0,0,0,0,0,0,0,0,0,0,0,0,0,0,0,0,0,0,0,0,0,0,0,0,0,0,0,0,0,0,0,0,0,0,0,0,0,0,0,0,0,0,0,0,0,0,0,0,0,0,0,0,0,0,0,0,0,0,0,0,0,0,0,0,0,0,0,0,0,0,0,0,0,0,0,0,0,0,0,0,0,0,0,0,0,0,0,0,0,0,0,0,0,0,MarinCity,0,1.87414800389484,10.8937033430704,26.4817429406037,37.8523206751055,41.9768743914314,46.3315481986368,49.170723790977,0,1.87414800389484,10.8937033430704,26.4817429406037,37.8523206751055,41.9768743914314,46.3315481986368,49.170723790977
34.01454589,-118.2223845,circle,570,0,0,0,0,0,0,0,0,3,0,283,16,25,0,439,86,33,0,502,109,38,0,541,123,44,0,591,143,52,0,658,166,3,0,289,17,18,0,381,64,25,0,441,87,33,0,502,109,37,0,534,120,41,0,570,133,47,0,603,148,57,0,704,179,3,0,295,18,20,0,391,71,25,0,446,88,33,0,509,111,37,0,537,122,42,0,573,135,47,0,606,150,59,0,722,184,0,0,0,0,0,0,0,0,6,0,315,27,51,0,735,164,69,0,899,215,117,0,1000,275,148,0,1000,277,161,0,1000,275,-32768,-32768,-32768,0,-32768,-32768,-32768,0,-32768,-32768,-32768,0,-32768,-32768,-32768,0,-32768,-32768,-32768,0,-32768,-32768,-32768,0,-32768,-32768,-32768,0,-32768,-32768,-32768,0,-32768,-32768,-32768,0,-32768,-32768,-32768,0,-32768,-32768,-32768,0,-32768,-32768,-32768,0,-32768,-32768,-32768,0,-32768,-32768,-32768,0,-32768,-32768,-32768,0,-32768,-32768,-32768,0,-32768,-32768,-32768,0,-32768,-32768,-32768,0,-32768,-32768,-32768,0,-32768,-32768,-32768,0,-32768,-32768,-32768,0,-32768,-32768,-32768,0,-32768,-32768,-32768,0,-32768,-32768,-32768,0,LARiver,0,0,6.24090062637549,49.3054850177755,67.0204841713222,113.607668867445,144.56500761808,158.03699001185,2.97900795666159,18.8933468765871,24.6011511765702,49.3782800067716,67.0204841713222,113.607668867445,144.56500761808,158.03699001185
35.337685,-120.495139,circle,570,0,0,0,0,0,0,0,0,0,0,0,0,0,0,0,0,0,0,0,0,0,0,0,0,0,0,0,0,0,0,0,0,0,0,0,0,0,0,0,0,0,0,0,0,0,0,0,0,0,0,0,0,0,0,0,0,0,0,0,0,0,0,0,0,0,0,0,0,0,0,0,0,0,0,0,0,0,0,0,0,0,0,0,0,0,0,0,0,0,0,0,0,0,0,0,0,0,0,0,0,0,0,0,0,0,0,174,3,0,0,177,3,0,0,177,3,0,0,248,5,0,0,254,8,1,0,277,14,-32768,-32768,-32768,0,-32768,-32768,-32768,0,-32768,-32768,-32768,0,-32768,-32768,-32768,0,-32768,-32768,-32768,0,-32768,-32768,-32768,0,-32768,-32768,-32768,0,-32768,-32768,-32768,0,-32768,-32768,-32768,0,-32768,-32768,-32768,0,-32768,-32768,-32768,0,-32768,-32768,-32768,0,-32768,-32768,-32768,0,-32768,-32768,-32768,0,-32768,-32768,-32768,0,-32768,-32768,-32768,0,-32768,-32768,-32768,0,-32768,-32768,-32768,0,-32768,-32768,-32768,0,-32768,-32768,-32768,0,-32768,-32768,-32768,0,-32768,-32768,-32768,0,-32768,-32768,-32768,0,-32768,-32768,-32768,0,SalinasDam,0,0,0.138118542686243,0.141743701286931,0.143012506797172,0.539786115642559,0.828348740257386,1.67065434112742,0,0,0.138118542686243,0.141743701286931,0.143012506797172,0.539786115642559,0.828348740257386,1.67065434112742
38.06691929,-102.9450108,circle,570,0,0,0,0,0,0,0,0,0,0,0,0,0,0,0,0,0,0,0,0,0,0,0,0,0,0,0,0,0,0,0,0,0,0,0,0,0,0,0,0,0,0,0,0,0,0,0,0,0,0,0,0,0,0,0,0,0,0,0,0,0,0,0,0,0,0,0,0,0,0,0,0,0,0,0,0,0,0,0,0,0,0,0,0,0,0,0,0,0,0,0,0,0,0,0,0,0,0,0,0,0,0,0,0,0,0,0,0,0,0,0,0,0,0,0,0,0,0,0,0,0,0,0,0,0,0,0,0,-32768,-32768,-32768,0,-32768,-32768,-32768,0,-32768,-32768,-32768,0,-32768,-32768,-32768,0,-32768,-32768,-32768,0,-32768,-32768,-32768,0,-32768,-32768,-32768,0,-32768,-32768,-32768,0,-32768,-32768,-32768,0,-32768,-32768,-32768,0,-32768,-32768,-32768,0,-32768,-32768,-32768,0,-32768,-32768,-32768,0,-32768,-32768,-32768,0,-32768,-32768,-32768,0,-32768,-32768,-32768,0,-32768,-32768,-32768,0,-32768,-32768,-32768,0,-32768,-32768,-32768,0,-32768,-32768,-32768,0,-32768,-32768,-32768,0,-32768,-32768,-32768,0,-32768,-32768,-32768,0,-32768,-32768,-32768,0,JohnMartinDam,0,0,0,0,0,0,0,0,0,0,0,0,0,0,0,0
39.21843647,-123.1733889,circle,570,0,0,0,0,0,0,0,0,0,0,0,0,0,0,0,0,0,0,0,0,0,0,0,0,0,0,0,0,0,0,0,0,0,0,0,0,0,0,0,0,0,0,0,0,0,0,0,0,0,0,0,0,0,0,0,0,0,0,0,0,0,0,0,0,0,0,0,0,0,0,0,0,0,0,0,0,0,0,0,0,0,0,0,0,0,0,0,0,0,0,0,0,0,0,0,0,0,0,0,0,0,0,0,0,0,0,0,0,0,0,0,0,0,0,0,0,0,0,0,0,0,0,0,0,0,0,0,0,-32768,-32768,-32768,0,-32768,-32768,-32768,0,-32768,-32768,-32768,0,-32768,-32768,-32768,0,-32768,-32768,-32768,0,-32768,-32768,-32768,0,-32768,-32768,-32768,0,-32768,-32768,-32768,0,-32768,-32768,-32768,0,-32768,-32768,-32768,0,-32768,-32768,-32768,0,-32768,-32768,-32768,0,-32768,-32768,-32768,0,-32768,-32768,-32768,0,-32768,-32768,-32768,0,-32768,-32768,-32768,0,-32768,-32768,-32768,0,-32768,-32768,-32768,0,-32768,-32768,-32768,0,-32768,-32768,-32768,0,-32768,-32768,-32768,0,-32768,-32768,-32768,0,-32768,-32768,-32768,0,-32768,-32768,-32768,0,LakeMendocino,0,0,0,0,0,0,0,0,0,0,0,0,0,0,0,0
34.23964163,-113.5927946,circle,570,0,0,0,0,0,0,0,0,0,0,0,0,0,0,0,0,0,0,0,0,0,0,0,0,0,0,0,0,0,0,0,0,0,0,0,0,0,0,0,0,0,0,0,0,0,0,0,0,0,0,0,0,0,0,0,0,0,0,0,0,0,0,0,0,0,0,0,0,0,0,0,0,0,0,0,0,0,0,0,0,0,0,0,0,0,0,0,0,0,0,0,0,0,0,0,0,0,0,0,0,0,0,0,0,0,0,0,0,0,0,0,0,0,0,152,3,6,0,451,40,6,0,452,42,6,0,454,43,-32768,-32768,-32768,0,-32768,-32768,-32768,0,-32768,-32768,-32768,0,-32768,-32768,-32768,0,-32768,-32768,-32768,0,-32768,-32768,-32768,0,-32768,-32768,-32768,0,-32768,-32768,-32768,0,-32768,-32768,-32768,0,-32768,-32768,-32768,0,-32768,-32768,-32768,0,-32768,-32768,-32768,0,-32768,-32768,-32768,0,-32768,-32768,-32768,0,-32768,-32768,-32768,0,-32768,-32768,-32768,0,-32768,-32768,-32768,0,-32768,-32768,-32768,0,-32768,-32768,-32768,0,-32768,-32768,-32768,0,-32768,-32768,-32768,0,-32768,-32768,-32768,0,-32768,-32768,-32768,0,-32768,-32768,-32768,0,AlamoDam,0,0,0,0,0.0375308641975309,6.21160493827161,6.53481481481482,6.70864197530864,0,0,0,0,0.0375308641975309,6.21160493827161,6.53481481481482,6.70864197530864
37.3738296,-121.9330129,circle,570,0,0,0,0,0,0,0,0,0,0,0,0,0,0,0,0,0,0,0,0,0,0,0,0,3,0,254,22,8,0,352,37,0,0,0,0,0,0,0,0,0,0,0,0,0,0,0,0,0,0,0,0,0,0,0,0,4,0,324,30,9,0,352,40,0,0,0,0,0,0,0,0,0,0,0,0,0,0,0,0,0,0,12,0,8,0,327,32,31,0,355,52,49,0,515,78,0,0,0,0,5,0,309,23,21,0,452,71,44,0,518,85,66,0,533,90,72,0,539,91,84,0,552,95,93,0,558,97,0,0,0,0,0,0,0,0,0,0,0,0,0,0,0,0,0,0,0,0,0,0,0,0,0,0,0,0,0,0,0,0,0,0,0,0,0,0,0,0,0,0,0,0,0,0,0,0,0,0,0,0,0,0,0,0,0,0,0,0,0,0,0,0,0,0,0,0,0,0,0,0,0,0,0,0,0,0,0,0,0,0,0,0,0,0,0,0,0,0,0,0,0,0,0,0,GuadalupeRiver,0,4.91694406105383,20.4717057725095,42.8741576682634,65.6353008037672,71.317609807583,83.5053178533734,92.7009823820736,0,4.91694406105383,20.4717057725095,42.8741576682634,65.6353008037672,71.3215068604368,83.5150604855078,92.7345944629374
33.07389205,-113.0120769,circle,570,0,0,0,0,70,0,423,114,117,0,654,181,133,0,682,198,144,0,700,209,154,0,717,219,168,0,739,233,179,0,755,243,0,0,0,0,70,0,423,114,117,0,654,181,133,0,682,198,144,0,700,209,154,0,717,219,168,0,739,233,179,0,755,243,0,0,0,0,90,0,535,144,120,0,659,184,136,0,687,201,147,0,705,212,158,0,723,222,172,0,745,237,184,0,761,247,0,0,43,3,1,0,71,7,2,0,93,10,4,0,115,15,6,0,133,19,7,0,148,23,9,0,164,27,10,0,175,30,-32768,-32768,-32768,0,-32768,-32768,-32768,0,-32768,-32768,-32768,0,-32768,-32768,-32768,0,-32768,-32768,-32768,0,-32768,-32768,-32768,0,-32768,-32768,-32768,0,-32768,-32768,-32768,0,-32768,-32768,-32768,0,-32768,-32768,-32768,0,-32768,-32768,-32768,0,-32768,-32768,-32768,0,-32768,-32768,-32768,0,-32768,-32768,-32768,0,-32768,-32768,-32768,0,-32768,-32768,-32768,0,-32768,-32768,-32768,0,-32768,-32768,-32768,0,-32768,-32768,-32768,0,-32768,-32768,-32768,0,-32768,-32768,-32768,0,-32768,-32768,-32768,0,-32768,-32768,-32768,0,-32768,-32768,-32768,0,PaintedRockDam,0.305821917808219,70.6922089041096,117.07654109589,132.935102739726,143.715667808219,154.217808219178,168.181934931507,179.229794520548,0.305821917808219,90.0519691780822,120.283476027397,135.977654109589,146.801369863014,157.579366438356,172.020034246575,183.435273972603
34.98679312,-120.32369,circle,570,0,0,0,0,0,0,0,0,0,0,0,0,0,0,0,0,4,0,264,21,7,0,342,33,11,0,403,46,14,0,453,57,0,0,0,0,0,0,0,0,0,0,0,0,0,0,0,0,4,0,264,21,7,0,342,33,11,0,403,46,14,0,453,57,0,0,0,0,0,0,0,0,0,0,0,0,0,0,0,0,5,0,292,25,7,0,352,35,11,0,413,48,15,0,462,60,0,0,0,0,0,0,0,0,0,0,46,2,0,0,61,3,0,0,63,4,1,0,112,6,1,0,143,9,6,0,332,25,-32768,-32768,-32768,0,-32768,-32768,-32768,0,-32768,-32768,-32768,0,-32768,-32768,-32768,0,-32768,-32768,-32768,0,-32768,-32768,-32768,0,-32768,-32768,-32768,0,-32768,-32768,-32768,0,-32768,-32768,-32768,0,-32768,-32768,-32768,0,-32768,-32768,-32768,0,-32768,-32768,-32768,0,-32768,-32768,-32768,0,-32768,-32768,-32768,0,-32768,-32768,-32768,0,-32768,-32768,-32768,0,-32768,-32768,-32768,0,-32768,-32768,-32768,0,-32768,-32768,-32768,0,-32768,-32768,-32768,0,-32768,-32768,-32768,0,-32768,-32768,-32768,0,-32768,-32768,-32768,0,-32768,-32768,-32768,0,TwitchellDam,0,0,0.185266030013643,0.362755798090041,4.18308321964529,7.56152796725784,11.881309686221,15.9406548431105,0,0,0.185266030013643,0.362755798090041,5.07817189631651,8.21214188267394,12.6221009549795,16.76275579809
34.34355774,-117.234188,circle,570,0,0,0,0,0,0,0,0,0,0,0,0,0,0,0,0,0,0,0,0,0,0,0,0,0,0,0,0,0,0,0,0,0,0,0,0,0,0,0,0,0,0,0,0,0,0,0,0,0,0,0,0,0,0,0,0,0,0,0,0,0,0,0,0,0,0,0,0,0,0,0,0,0,0,0,0,0,0,0,0,0,0,0,0,0,0,0,0,0,0,0,0,0,0,0,0,0,0,0,0,0,0,0,0,0,0,0,0,4,0,451,28,13,0,648,60,101,0,1000,214,143,0,1000,284,166,0,1000,317,-32768,-32768,-32768,0,-32768,-32768,-32768,0,-32768,-32768,-32768,0,-32768,-32768,-32768,0,-32768,-32768,-32768,0,-32768,-32768,-32768,0,-32768,-32768,-32768,0,-32768,-32768,-32768,0,-32768,-32768,-32768,0,-32768,-32768,-32768,0,-32768,-32768,-32768,0,-32768,-32768,-32768,0,-32768,-32768,-32768,0,-32768,-32768,-32768,0,-32768,-32768,-32768,0,-32768,-32768,-32768,0,-32768,-32768,-32768,0,-32768,-32768,-32768,0,-32768,-32768,-32768,0,-32768,-32768,-32768,0,-32768,-32768,-32768,0,-32768,-32768,-32768,0,-32768,-32768,-32768,0,-32768,-32768,-32768,0,MojaveRiverDam,0,0,0,3.39682807491142,12.9048422473427,97.8329677745909,138.642146111017,160.619959507339,0,0,0,3.39682807491142,12.9048422473427,97.8329677745909,138.642146111017,160.619959507339
33.88981862,-117.6413016,circle,570,1,0,170,10,3,0,401,17,8,0,516,33,14,0,538,44,17,0,553,52,21,0,568,59,28,0,588,70,35,0,605,80,2,0,194,12,3,0,401,18,9,0,516,33,14,0,538,45,18,0,553,52,22,0,568,59,28,0,588,70,35,0,605,80,2,0,195,13,4,0,424,20,9,0,519,35,14,0,540,46,18,0,555,53,22,0,570,60,29,0,590,71,37,0,608,82,0,0,0,0,0,0,0,0,1,0,125,7,4,0,212,20,6,0,220,25,11,0,280,41,32,0,509,78,53,0,546,108,-32768,-32768,-32768,0,-32768,-32768,-32768,0,-32768,-32768,-32768,0,-32768,-32768,-32768,0,-32768,-32768,-32768,0,-32768,-32768,-32768,0,-32768,-32768,-32768,0,-32768,-32768,-32768,0,-32768,-32768,-32768,0,-32768,-32768,-32768,0,-32768,-32768,-32768,0,-32768,-32768,-32768,0,-32768,-32768,-32768,0,-32768,-32768,-32768,0,-32768,-32768,-32768,0,-32768,-32768,-32768,0,-32768,-32768,-32768,0,-32768,-32768,-32768,0,-32768,-32768,-32768,0,-32768,-32768,-32768,0,-32768,-32768,-32768,0,-32768,-32768,-32768,0,-32768,-32768,-32768,0,-32768,-32768,-32768,0,PradoDam,1.16392914653784,2.73387010198604,8.36736446591519,14.7869028448739,18.8427267847558,23.1331186258723,36.3877616747182,56.2633387010199,1.65303274288782,3.77702630166398,9.33891572732152,15.7187332259796,19.5327965646806,23.9850778314546,36.9303274288782,56.8473429951691
34.02019872,-118.0828568,circle,570,0,0,0,0,0,0,0,0,0,0,0,0,31,0,257,50,73,0,382,102,103,0,490,137,137,0,576,173,167,0,632,194,0,0,0,0,0,0,0,0,7,0,81,12,51,0,326,76,89,0,423,119,110,0,514,146,141,0,588,178,170,0,640,198,0,0,0,0,0,0,26,0,28,0,246,46,82,0,395,105,109,0,474,131,135,0,551,158,168,0,621,187,193,0,672,206,0,0,0,0,0,0,0,0,18,0,251,37,176,0,643,197,241,0,761,239,269,0,814,259,303,0,877,282,325,0,919,298,-32768,-32768,-32768,0,-32768,-32768,-32768,0,-32768,-32768,-32768,0,-32768,-32768,-32768,0,-32768,-32768,-32768,0,-32768,-32768,-32768,0,-32768,-32768,-32768,0,-32768,-32768,-32768,0,-32768,-32768,-32768,0,-32768,-32768,-32768,0,-32768,-32768,-32768,0,-32768,-32768,-32768,0,-32768,-32768,-32768,0,-32768,-32768,-32768,0,-32768,-32768,-32768,0,-32768,-32768,-32768,0,-32768,-32768,-32768,0,-32768,-32768,-32768,0,-32768,-32768,-32768,0,-32768,-32768,-32768,0,-32768,-32768,-32768,0,-32768,-32768,-32768,0,-32768,-32768,-32768,0,-32768,-32768,-32768,0,WhittierNarrowsDam,0,0,17.7271111863259,171.336097478423,235.321797258419,263.491538331359,296.451599255373,318.394736842105,0,0.00693856828566593,27.3494669148756,171.753257742427,235.551193095278,263.575224234219,296.494753765443,318.427906583178
34.16779433,-118.4723597,circle,570,0,0,0,0,0,0,0,0,0,0,0,0,0,0,0,0,0,0,0,0,0,0,0,0,0,0,0,0,0,0,0,0,0,0,0,0,0,0,0,0,0,0,0,0,0,0,0,0,0,0,0,0,0,0,0,0,0,0,0,0,0,0,0,0,0,0,0,0,0,0,0,0,0,0,0,0,0,0,0,0,0,0,0,0,0,0,0,0,0,0,0,0,0,0,0,0,0,0,0,0,2,0,151,15,14,0,537,58,58,0,663,104,95,0,703,124,115,0,722,132,138,0,746,141,153,0,761,147,-32768,-32768,-32768,0,-32768,-32768,-32768,0,-32768,-32768,-32768,0,-32768,-32768,-32768,0,-32768,-32768,-32768,0,-32768,-32768,-32768,0,-32768,-32768,-32768,0,-32768,-32768,-32768,0,-32768,-32768,-32768,0,-32768,-32768,-32768,0,-32768,-32768,-32768,0,-32768,-32768,-32768,0,-32768,-32768,-32768,0,-32768,-32768,-32768,0,-32768,-32768,-32768,0,-32768,-32768,-32768,0,-32768,-32768,-32768,0,-32768,-32768,-32768,0,-32768,-32768,-32768,0,-32768,-32768,-32768,0,-32768,-32768,-32768,0,-32768,-32768,-32768,0,-32768,-32768,-32768,0,-32768,-32768,-32768,0,SepulvedaDam,0,2.28679534053227,13.8823229317235,57.5018280758439,94.4088938015475,114.018450812006,136.646798741604,152.034946007993,0,2.28679534053227,13.8823229317235,57.5018280758439,94.4088938015475,114.018450812006,136.646798741604,152.034946007993
