Latitude,Longitude,Shape,Size,FLOOD_MAP-1_3ARCSEC-NW_OFFSET-1in5-FLUVIAL-DEFENDED-DEPTH-2050-SSP5_8.5-PERCENTILE50-v3.1_mean,FLOOD_MAP-1_3ARCSEC-NW_OFFSET-1in5-FLUVIAL-DEFENDED-DEPTH-2050-SSP5_8.5-PERCENTILE50-v3.1_min,FLOOD_MAP-1_3ARCSEC-NW_OFFSET-1in5-FLUVIAL-DEFENDED-DEPTH-2050-SSP5_8.5-PERCENTILE50-v3.1_max,FLOOD_MAP-1_3ARCSEC-NW_OFFSET-1in5-FLUVIAL-DEFENDED-DEPTH-2050-SSP5_8.5-PERCENTILE50-v3.1_std_dev,FLOOD_MAP-1_3ARCSEC-NW_OFFSET-1in10-FLUVIAL-DEFENDED-DEPTH-2050-SSP5_8.5-PERCENTILE50-v3.1_mean,FLOOD_MAP-1_3ARCSEC-NW_OFFSET-1in10-FLUVIAL-DEFENDED-DEPTH-2050-SSP5_8.5-PERCENTILE50-v3.1_min,FLOOD_MAP-1_3ARCSEC-NW_OFFSET-1in10-FLUVIAL-DEFENDED-DEPTH-2050-SSP5_8.5-PERCENTILE50-v3.1_max,FLOOD_MAP-1_3ARCSEC-NW_OFFSET-1in10-FLUVIAL-DEFENDED-DEPTH-2050-SSP5_8.5-PERCENTILE50-v3.1_std_dev,FLOOD_MAP-1_3ARCSEC-NW_OFFSET-1in20-FLUVIAL-DEFENDED-DEPTH-2050-SSP5_8.5-PERCENTILE50-v3.1_mean,FLOOD_MAP-1_3ARCSEC-NW_OFFSET-1in20-FLUVIAL-DEFENDED-DEPTH-2050-SSP5_8.5-PERCENTILE50-v3.1_min,FLOOD_MAP-1_3ARCSEC-NW_OFFSET-1in20-FLUVIAL-DEFENDED-DEPTH-2050-SSP5_8.5-PERCENTILE50-v3.1_max,FLOOD_MAP-1_3ARCSEC-NW_OFFSET-1in20-FLUVIAL-DEFENDED-DEPTH-2050-SSP5_8.5-PERCENTILE50-v3.1_std_dev,FLOOD_MAP-1_3ARCSEC-NW_OFFSET-1in50-FLUVIAL-DEFENDED-DEPTH-2050-SSP5_8.5-PERCENTILE50-v3.1_mean,FLOOD_MAP-1_3ARCSEC-NW_OFFSET-1in50-FLUVIAL-DEFENDED-DEPTH-2050-SSP5_8.5-PERCENTILE50-v3.1_min,FLOOD_MAP-1_3ARCSEC-NW_OFFSET-1in50-FLUVIAL-DEFENDED-DEPTH-2050-SSP5_8.5-PERCENTILE50-v3.1_max,FLOOD_MAP-1_3ARCSEC-NW_OFFSET-1in50-FLUVIAL-DEFENDED-DEPTH-2050-SSP5_8.5-PERCENTILE50-v3.1_std_dev,FLOOD_MAP-1_3ARCSEC-NW_OFFSET-1in100-FLUVIAL-DEFENDED-DEPTH-2050-SSP5_8.5-PERCENTILE50-v3.1_mean,FLOOD_MAP-1_3ARCSEC-NW_OFFSET-1in100-FLUVIAL-DEFENDED-DEPTH-2050-SSP5_8.5-PERCENTILE50-v3.1_min,FLOOD_MAP-1_3ARCSEC-NW_OFFSET-1in100-FLUVIAL-DEFENDED-DEPTH-2050-SSP5_8.5-PERCENTILE50-v3.1_max,FLOOD_MAP-1_3ARCSEC-NW_OFFSET-1in100-FLUVIAL-DEFENDED-DEPTH-2050-SSP5_8.5-PERCENTILE50-v3.1_std_dev,FLOOD_MAP-1_3ARCSEC-NW_OFFSET-1in200-FLUVIAL-DEFENDED-DEPTH-2050-SSP5_8.5-PERCENTILE50-v3.1_mean,FLOOD_MAP-1_3ARCSEC-NW_OFFSET-1in200-FLUVIAL-DEFENDED-DEPTH-2050-SSP5_8.5-PERCENTILE50-v3.1_min,FLOOD_MAP-1_3ARCSEC-NW_OFFSET-1in200-FLUVIAL-DEFENDED-DEPTH-2050-SSP5_8.5-PERCENTILE50-v3.1_max,FLOOD_MAP-1_3ARCSEC-NW_OFFSET-1in200-FLUVIAL-DEFENDED-DEPTH-2050-SSP5_8.5-PERCENTILE50-v3.1_std_dev,FLOOD_MAP-1_3ARCSEC-NW_OFFSET-1in500-FLUVIAL-DEFENDED-DEPTH-2050-SSP5_8.5-PERCENTILE50-v3.1_mean,FLOOD_MAP-1_3ARCSEC-NW_OFFSET-1in500-FLUVIAL-DEFENDED-DEPTH-2050-SSP5_8.5-PERCENTILE50-v3.1_min,FLOOD_MAP-1_3ARCSEC-NW_OFFSET-1in500-FLUVIAL-DEFENDED-DEPTH-2050-SSP5_8.5-PERCENTILE50-v3.1_max,FLOOD_MAP-1_3ARCSEC-NW_OFFSET-1in500-FLUVIAL-DEFENDED-DEPTH-2050-SSP5_8.5-PERCENTILE50-v3.1_std_dev,FLOOD_MAP-1_3ARCSEC-NW_OFFSET-1in1000-FLUVIAL-DEFENDED-DEPTH-2050-SSP5_8.5-PERCENTILE50-v3.1_mean,FLOOD_MAP-1_3ARCSEC-NW_OFFSET-1in1000-FLUVIAL-DEFENDED-DEPTH-2050-SSP5_8.5-PERCENTILE50-v3.1_min,FLOOD_MAP-1_3ARCSEC-NW_OFFSET-1in1000-FLUVIAL-DEFENDED-DEPTH-2050-SSP5_8.5-PERCENTILE50-v3.1_max,FLOOD_MAP-1_3ARCSEC-NW_OFFSET-1in1000-FLUVIAL-DEFENDED-DEPTH-2050-SSP5_8.5-PERCENTILE50-v3.1_std_dev,FLOOD_MAP-1_3ARCSEC-NW_OFFSET-1in5-FLUVIAL-DEFENDED_KNOWN-DEPTH-2050-SSP5_8.5-PERCENTILE50-v3.1_mean,FLOOD_MAP-1_3ARCSEC-NW_OFFSET-1in5-FLUVIAL-DEFENDED_KNOWN-DEPTH-2050-SSP5_8.5-PERCENTILE50-v3.1_min,FLOOD_MAP-1_3ARCSEC-NW_OFFSET-1in5-FLUVIAL-DEFENDED_KNOWN-DEPTH-2050-SSP5_8.5-PERCENTILE50-v3.1_max,FLOOD_MAP-1_3ARCSEC-NW_OFFSET-1in5-FLUVIAL-DEFENDED_KNOWN-DEPTH-2050-SSP5_8.5-PERCENTILE50-v3.1_std_dev,FLOOD_MAP-1_3ARCSEC-NW_OFFSET-1in10-FLUVIAL-DEFENDED_KNOWN-DEPTH-2050-SSP5_8.5-PERCENTILE50-v3.1_mean,FLOOD_MAP-1_3ARCSEC-NW_OFFSET-1in10-FLUVIAL-DEFENDED_KNOWN-DEPTH-2050-SSP5_8.5-PERCENTILE50-v3.1_min,FLOOD_MAP-1_3ARCSEC-NW_OFFSET-1in10-FLUVIAL-DEFENDED_KNOWN-DEPTH-2050-SSP5_8.5-PERCENTILE50-v3.1_max,FLOOD_MAP-1_3ARCSEC-NW_OFFSET-1in10-FLUVIAL-DEFENDED_KNOWN-DEPTH-2050-SSP5_8.5-PERCENTILE50-v3.1_std_dev,FLOOD_MAP-1_3ARCSEC-NW_OFFSET-1in20-FLUVIAL-DEFENDED_KNOWN-DEPTH-2050-SSP5_8.5-PERCENTILE50-v3.1_mean,FLOOD_MAP-1_3ARCSEC-NW_OFFSET-1in20-FLUVIAL-DEFENDED_KNOWN-DEPTH-2050-SSP5_8.5-PERCENTILE50-v3.1_min,FLOOD_MAP-1_3ARCSEC-NW_OFFSET-1in20-FLUVIAL-DEFENDED_KNOWN-DEPTH-2050-SSP5_8.5-PERCENTILE50-v3.1_max,FLOOD_MAP-1_3ARCSEC-NW_OFFSET-1in20-FLUVIAL-DEFENDED_KNOWN-DEPTH-2050-SSP5_8.5-PERCENTILE50-v3.1_std_dev,FLOOD_MAP-1_3ARCSEC-NW_OFFSET-1in50-FLUVIAL-DEFENDED_KNOWN-DEPTH-2050-SSP5_8.5-PERCENTILE50-v3.1_mean,FLOOD_MAP-1_3ARCSEC-NW_OFFSET-1in50-FLUVIAL-DEFENDED_KNOWN-DEPTH-2050-SSP5_8.5-PERCENTILE50-v3.1_min,FLOOD_MAP-1_3ARCSEC-NW_OFFSET-1in50-FLUVIAL-DEFENDED_KNOWN-DEPTH-2050-SSP5_8.5-PERCENTILE50-v3.1_max,FLOOD_MAP-1_3ARCSEC-NW_OFFSET-1in50-FLUVIAL-DEFENDED_KNOWN-DEPTH-2050-SSP5_8.5-PERCENTILE50-v3.1_std_dev,FLOOD_MAP-1_3ARCSEC-NW_OFFSET-1in100-FLUVIAL-DEFENDED_KNOWN-DEPTH-2050-SSP5_8.5-PERCENTILE50-v3.1_mean,FLOOD_MAP-1_3ARCSEC-NW_OFFSET-1in100-FLUVIAL-DEFENDED_KNOWN-DEPTH-2050-SSP5_8.5-PERCENTILE50-v3.1_min,FLOOD_MAP-1_3ARCSEC-NW_OFFSET-1in100-FLUVIAL-DEFENDED_KNOWN-DEPTH-2050-SSP5_8.5-PERCENTILE50-v3.1_max,FLOOD_MAP-1_3ARCSEC-NW_OFFSET-1in100-FLUVIAL-DEFENDED_KNOWN-DEPTH-2050-SSP5_8.5-PERCENTILE50-v3.1_std_dev,FLOOD_MAP-1_3ARCSEC-NW_OFFSET-1in200-FLUVIAL-DEFENDED_KNOWN-DEPTH-2050-SSP5_8.5-PERCENTILE50-v3.1_mean,FLOOD_MAP-1_3ARCSEC-NW_OFFSET-1in200-FLUVIAL-DEFENDED_KNOWN-DEPTH-2050-SSP5_8.5-PERCENTILE50-v3.1_min,FLOOD_MAP-1_3ARCSEC-NW_OFFSET-1in200-FLUVIAL-DEFENDED_KNOWN-DEPTH-2050-SSP5_8.5-PERCENTILE50-v3.1_max,FLOOD_MAP-1_3ARCSEC-NW_OFFSET-1in200-FLUVIAL-DEFENDED_KNOWN-DEPTH-2050-SSP5_8.5-PERCENTILE50-v3.1_std_dev,FLOOD_MAP-1_3ARCSEC-NW_OFFSET-1in500-FLUVIAL-DEFENDED_KNOWN-DEPTH-2050-SSP5_8.5-PERCENTILE50-v3.1_mean,FLOOD_MAP-1_3ARCSEC-NW_OFFSET-1in500-FLUVIAL-DEFENDED_KNOWN-DEPTH-2050-SSP5_8.5-PERCENTILE50-v3.1_min,FLOOD_MAP-1_3ARCSEC-NW_OFFSET-1in500-FLUVIAL-DEFENDED_KNOWN-DEPTH-2050-SSP5_8.5-PERCENTILE50-v3.1_max,FLOOD_MAP-1_3ARCSEC-NW_OFFSET-1in500-FLUVIAL-DEFENDED_KNOWN-DEPTH-2050-SSP5_8.5-PERCENTILE50-v3.1_std_dev,FLOOD_MAP-1_3ARCSEC-NW_OFFSET-1in1000-FLUVIAL-DEFENDED_KNOWN-DEPTH-2050-SSP5_8.5-PERCENTILE50-v3.1_mean,FLOOD_MAP-1_3ARCSEC-NW_OFFSET-1in1000-FLUVIAL-DEFENDED_KNOWN-DEPTH-2050-SSP5_8.5-PERCENTILE50-v3.1_min,FLOOD_MAP-1_3ARCSEC-NW_OFFSET-1in1000-FLUVIAL-DEFENDED_KNOWN-DEPTH-2050-SSP5_8.5-PERCENTILE50-v3.1_max,FLOOD_MAP-1_3ARCSEC-NW_OFFSET-1in1000-FLUVIAL-DEFENDED_KNOWN-DEPTH-2050-SSP5_8.5-PERCENTILE50-v3.1_std_dev,FLOOD_MAP-1_3ARCSEC-NW_OFFSET-1in5-FLUVIAL-UNDEFENDED-DEPTH-2050-SSP5_8.5-PERCENTILE50-v3.1_mean,FLOOD_MAP-1_3ARCSEC-NW_OFFSET-1in5-FLUVIAL-UNDEFENDED-DEPTH-2050-SSP5_8.5-PERCENTILE50-v3.1_min,FLOOD_MAP-1_3ARCSEC-NW_OFFSET-1in5-FLUVIAL-UNDEFENDED-DEPTH-2050-SSP5_8.5-PERCENTILE50-v3.1_max,FLOOD_MAP-1_3ARCSEC-NW_OFFSET-1in5-FLUVIAL-UNDEFENDED-DEPTH-2050-SSP5_8.5-PERCENTILE50-v3.1_std_dev,FLOOD_MAP-1_3ARCSEC-NW_OFFSET-1in10-FLUVIAL-UNDEFENDED-DEPTH-2050-SSP5_8.5-PERCENTILE50-v3.1_mean,FLOOD_MAP-1_3ARCSEC-NW_OFFSET-1in10-FLUVIAL-UNDEFENDED-DEPTH-2050-SSP5_8.5-PERCENTILE50-v3.1_min,FLOOD_MAP-1_3ARCSEC-NW_OFFSET-1in10-FLUVIAL-UNDEFENDED-DEPTH-2050-SSP5_8.5-PERCENTILE50-v3.1_max,FLOOD_MAP-1_3ARCSEC-NW_OFFSET-1in10-FLUVIAL-UNDEFENDED-DEPTH-2050-SSP5_8.5-PERCENTILE50-v3.1_std_dev,FLOOD_MAP-1_3ARCSEC-NW_OFFSET-1in20-FLUVIAL-UNDEFENDED-DEPTH-2050-SSP5_8.5-PERCENTILE50-v3.1_mean,FLOOD_MAP-1_3ARCSEC-NW_OFFSET-1in20-FLUVIAL-UNDEFENDED-DEPTH-2050-SSP5_8.5-PERCENTILE50-v3.1_min,FLOOD_MAP-1_3ARCSEC-NW_OFFSET-1in20-FLUVIAL-UNDEFENDED-DEPTH-2050-SSP5_8.5-PERCENTILE50-v3.1_max,FLOOD_MAP-1_3ARCSEC-NW_OFFSET-1in20-FLUVIAL-UNDEFENDED-DEPTH-2050-SSP5_8.5-PERCENTILE50-v3.1_std_dev,FLOOD_MAP-1_3ARCSEC-NW_OFFSET-1in50-FLUVIAL-UNDEFENDED-DEPTH-2050-SSP5_8.5-PERCENTILE50-v3.1_mean,FLOOD_MAP-1_3ARCSEC-NW_OFFSET-1in50-FLUVIAL-UNDEFENDED-DEPTH-2050-SSP5_8.5-PERCENTILE50-v3.1_min,FLOOD_MAP-1_3ARCSEC-NW_OFFSET-1in50-FLUVIAL-UNDEFENDED-DEPTH-2050-SSP5_8.5-PERCENTILE50-v3.1_max,FLOOD_MAP-1_3ARCSEC-NW_OFFSET-1in50-FLUVIAL-UNDEFENDED-DEPTH-2050-SSP5_8.5-PERCENTILE50-v3.1_std_dev,FLOOD_MAP-1_3ARCSEC-NW_OFFSET-1in100-FLUVIAL-UNDEFENDED-DEPTH-2050-SSP5_8.5-PERCENTILE50-v3.1_mean,FLOOD_MAP-1_3ARCSEC-NW_OFFSET-1in100-FLUVIAL-UNDEFENDED-DEPTH-2050-SSP5_8.5-PERCENTILE50-v3.1_min,FLOOD_MAP-1_3ARCSEC-NW_OFFSET-1in100-FLUVIAL-UNDEFENDED-DEPTH-2050-SSP5_8.5-PERCENTILE50-v3.1_max,FLOOD_MAP-1_3ARCSEC-NW_OFFSET-1in100-FLUVIAL-UNDEFENDED-DEPTH-2050-SSP5_8.5-PERCENTILE50-v3.1_std_dev,FLOOD_MAP-1_3ARCSEC-NW_OFFSET-1in200-FLUVIAL-UNDEFENDED-DEPTH-2050-SSP5_8.5-PERCENTILE50-v3.1_mean,FLOOD_MAP-1_3ARCSEC-NW_OFFSET-1in200-FLUVIAL-UNDEFENDED-DEPTH-2050-SSP5_8.5-PERCENTILE50-v3.1_min,FLOOD_MAP-1_3ARCSEC-NW_OFFSET-1in200-FLUVIAL-UNDEFENDED-DEPTH-2050-SSP5_8.5-PERCENTILE50-v3.1_max,FLOOD_MAP-1_3ARCSEC-NW_OFFSET-1in200-FLUVIAL-UNDEFENDED-DEPTH-2050-SSP5_8.5-PERCENTILE50-v3.1_std_dev,FLOOD_MAP-1_3ARCSEC-NW_OFFSET-1in500-FLUVIAL-UNDEFENDED-DEPTH-2050-SSP5_8.5-PERCENTILE50-v3.1_mean,FLOOD_MAP-1_3ARCSEC-NW_OFFSET-1in500-FLUVIAL-UNDEFENDED-DEPTH-2050-SSP5_8.5-PERCENTILE50-v3.1_min,FLOOD_MAP-1_3ARCSEC-NW_OFFSET-1in500-FLUVIAL-UNDEFENDED-DEPTH-2050-SSP5_8.5-PERCENTILE50-v3.1_max,FLOOD_MAP-1_3ARCSEC-NW_OFFSET-1in500-FLUVIAL-UNDEFENDED-DEPTH-2050-SSP5_8.5-PERCENTILE50-v3.1_std_dev,FLOOD_MAP-1_3ARCSEC-NW_OFFSET-1in1000-FLUVIAL-UNDEFENDED-DEPTH-2050-SSP5_8.5-PERCENTILE50-v3.1_mean,FLOOD_MAP-1_3ARCSEC-NW_OFFSET-1in1000-FLUVIAL-UNDEFENDED-DEPTH-2050-SSP5_8.5-PERCENTILE50-v3.1_min,FLOOD_MAP-1_3ARCSEC-NW_OFFSET-1in1000-FLUVIAL-UNDEFENDED-DEPTH-2050-SSP5_8.5-PERCENTILE50-v3.1_max,FLOOD_MAP-1_3ARCSEC-NW_OFFSET-1in1000-FLUVIAL-UNDEFENDED-DEPTH-2050-SSP5_8.5-PERCENTILE50-v3.1_std_dev,FLOOD_MAP-1_3ARCSEC-NW_OFFSET-1in5-PLUVIAL-DEFENDED-DEPTH-2050-SSP5_8.5-PERCENTILE50-v3.1_mean,FLOOD_MAP-1_3ARCSEC-NW_OFFSET-1in5-PLUVIAL-DEFENDED-DEPTH-2050-SSP5_8.5-PERCENTILE50-v3.1_min,FLOOD_MAP-1_3ARCSEC-NW_OFFSET-1in5-PLUVIAL-DEFENDED-DEPTH-2050-SSP5_8.5-PERCENTILE50-v3.1_max,FLOOD_MAP-1_3ARCSEC-NW_OFFSET-1in5-PLUVIAL-DEFENDED-DEPTH-2050-SSP5_8.5-PERCENTILE50-v3.1_std_dev,FLOOD_MAP-1_3ARCSEC-NW_OFFSET-1in10-PLUVIAL-DEFENDED-DEPTH-2050-SSP5_8.5-PERCENTILE50-v3.1_mean,FLOOD_MAP-1_3ARCSEC-NW_OFFSET-1in10-PLUVIAL-DEFENDED-DEPTH-2050-SSP5_8.5-PERCENTILE50-v3.1_min,FLOOD_MAP-1_3ARCSEC-NW_OFFSET-1in10-PLUVIAL-DEFENDED-DEPTH-2050-SSP5_8.5-PERCENTILE50-v3.1_max,FLOOD_MAP-1_3ARCSEC-NW_OFFSET-1in10-PLUVIAL-DEFENDED-DEPTH-2050-SSP5_8.5-PERCENTILE50-v3.1_std_dev,FLOOD_MAP-1_3ARCSEC-NW_OFFSET-1in20-PLUVIAL-DEFENDED-DEPTH-2050-SSP5_8.5-PERCENTILE50-v3.1_mean,FLOOD_MAP-1_3ARCSEC-NW_OFFSET-1in20-PLUVIAL-DEFENDED-DEPTH-2050-SSP5_8.5-PERCENTILE50-v3.1_min,FLOOD_MAP-1_3ARCSEC-NW_OFFSET-1in20-PLUVIAL-DEFENDED-DEPTH-2050-SSP5_8.5-PERCENTILE50-v3.1_max,FLOOD_MAP-1_3ARCSEC-NW_OFFSET-1in20-PLUVIAL-DEFENDED-DEPTH-2050-SSP5_8.5-PERCENTILE50-v3.1_std_dev,FLOOD_MAP-1_3ARCSEC-NW_OFFSET-1in50-PLUVIAL-DEFENDED-DEPTH-2050-SSP5_8.5-PERCENTILE50-v3.1_mean,FLOOD_MAP-1_3ARCSEC-NW_OFFSET-1in50-PLUVIAL-DEFENDED-DEPTH-2050-SSP5_8.5-PERCENTILE50-v3.1_min,FLOOD_MAP-1_3ARCSEC-NW_OFFSET-1in50-PLUVIAL-DEFENDED-DEPTH-2050-SSP5_8.5-PERCENTILE50-v3.1_max,FLOOD_MAP-1_3ARCSEC-NW_OFFSET-1in50-PLUVIAL-DEFENDED-DEPTH-2050-SSP5_8.5-PERCENTILE50-v3.1_std_dev,FLOOD_MAP-1_3ARCSEC-NW_OFFSET-1in100-PLUVIAL-DEFENDED-DEPTH-2050-SSP5_8.5-PERCENTILE50-v3.1_mean,FLOOD_MAP-1_3ARCSEC-NW_OFFSET-1in100-PLUVIAL-DEFENDED-DEPTH-2050-SSP5_8.5-PERCENTILE50-v3.1_min,FLOOD_MAP-1_3ARCSEC-NW_OFFSET-1in100-PLUVIAL-DEFENDED-DEPTH-2050-SSP5_8.5-PERCENTILE50-v3.1_max,FLOOD_MAP-1_3ARCSEC-NW_OFFSET-1in100-PLUVIAL-DEFENDED-DEPTH-2050-SSP5_8.5-PERCENTILE50-v3.1_std_dev,FLOOD_MAP-1_3ARCSEC-NW_OFFSET-1in200-PLUVIAL-DEFENDED-DEPTH-2050-SSP5_8.5-PERCENTILE50-v3.1_mean,FLOOD_MAP-1_3ARCSEC-NW_OFFSET-1in200-PLUVIAL-DEFENDED-DEPTH-2050-SSP5_8.5-PERCENTILE50-v3.1_min,FLOOD_MAP-1_3ARCSEC-NW_OFFSET-1in200-PLUVIAL-DEFENDED-DEPTH-2050-SSP5_8.5-PERCENTILE50-v3.1_max,FLOOD_MAP-1_3ARCSEC-NW_OFFSET-1in200-PLUVIAL-DEFENDED-DEPTH-2050-SSP5_8.5-PERCENTILE50-v3.1_std_dev,FLOOD_MAP-1_3ARCSEC-NW_OFFSET-1in500-PLUVIAL-DEFENDED-DEPTH-2050-SSP5_8.5-PERCENTILE50-v3.1_mean,FLOOD_MAP-1_3ARCSEC-NW_OFFSET-1in500-PLUVIAL-DEFENDED-DEPTH-2050-SSP5_8.5-PERCENTILE50-v3.1_min,FLOOD_MAP-1_3ARCSEC-NW_OFFSET-1in500-PLUVIAL-DEFENDED-DEPTH-2050-SSP5_8.5-PERCENTILE50-v3.1_max,FLOOD_MAP-1_3ARCSEC-NW_OFFSET-1in500-PLUVIAL-DEFENDED-DEPTH-2050-SSP5_8.5-PERCENTILE50-v3.1_std_dev,FLOOD_MAP-1_3ARCSEC-NW_OFFSET-1in1000-PLUVIAL-DEFENDED-DEPTH-2050-SSP5_8.5-PERCENTILE50-v3.1_mean,FLOOD_MAP-1_3ARCSEC-NW_OFFSET-1in1000-PLUVIAL-DEFENDED-DEPTH-2050-SSP5_8.5-PERCENTILE50-v3.1_min,FLOOD_MAP-1_3ARCSEC-NW_OFFSET-1in1000-PLUVIAL-DEFENDED-DEPTH-2050-SSP5_8.5-PERCENTILE50-v3.1_max,FLOOD_MAP-1_3ARCSEC-NW_OFFSET-1in1000-PLUVIAL-DEFENDED-DEPTH-2050-SSP5_8.5-PERCENTILE50-v3.1_std_dev,FLOOD_MAP-1_3ARCSEC-NW_OFFSET-1in5-COASTAL-DEFENDED-DEPTH-2050-SSP5_8.5-PERCENTILE50-v3.1_mean,FLOOD_MAP-1_3ARCSEC-NW_OFFSET-1in5-COASTAL-DEFENDED-DEPTH-2050-SSP5_8.5-PERCENTILE50-v3.1_min,FLOOD_MAP-1_3ARCSEC-NW_OFFSET-1in5-COASTAL-DEFENDED-DEPTH-2050-SSP5_8.5-PERCENTILE50-v3.1_max,FLOOD_MAP-1_3ARCSEC-NW_OFFSET-1in5-COASTAL-DEFENDED-DEPTH-2050-SSP5_8.5-PERCENTILE50-v3.1_std_dev,FLOOD_MAP-1_3ARCSEC-NW_OFFSET-1in10-COASTAL-DEFENDED-DEPTH-2050-SSP5_8.5-PERCENTILE50-v3.1_mean,FLOOD_MAP-1_3ARCSEC-NW_OFFSET-1in10-COASTAL-DEFENDED-DEPTH-2050-SSP5_8.5-PERCENTILE50-v3.1_min,FLOOD_MAP-1_3ARCSEC-NW_OFFSET-1in10-COASTAL-DEFENDED-DEPTH-2050-SSP5_8.5-PERCENTILE50-v3.1_max,FLOOD_MAP-1_3ARCSEC-NW_OFFSET-1in10-COASTAL-DEFENDED-DEPTH-2050-SSP5_8.5-PERCENTILE50-v3.1_std_dev,FLOOD_MAP-1_3ARCSEC-NW_OFFSET-1in20-COASTAL-DEFENDED-DEPTH-2050-SSP5_8.5-PERCENTILE50-v3.1_mean,FLOOD_MAP-1_3ARCSEC-NW_OFFSET-1in20-COASTAL-DEFENDED-DEPTH-2050-SSP5_8.5-PERCENTILE50-v3.1_min,FLOOD_MAP-1_3ARCSEC-NW_OFFSET-1in20-COASTAL-DEFENDED-DEPTH-2050-SSP5_8.5-PERCENTILE50-v3.1_max,FLOOD_MAP-1_3ARCSEC-NW_OFFSET-1in20-COASTAL-DEFENDED-DEPTH-2050-SSP5_8.5-PERCENTILE50-v3.1_std_dev,FLOOD_MAP-1_3ARCSEC-NW_OFFSET-1in50-COASTAL-DEFENDED-DEPTH-2050-SSP5_8.5-PERCENTILE50-v3.1_mean,FLOOD_MAP-1_3ARCSEC-NW_OFFSET-1in50-COASTAL-DEFENDED-DEPTH-2050-SSP5_8.5-PERCENTILE50-v3.1_min,FLOOD_MAP-1_3ARCSEC-NW_OFFSET-1in50-COASTAL-DEFENDED-DEPTH-2050-SSP5_8.5-PERCENTILE50-v3.1_max,FLOOD_MAP-1_3ARCSEC-NW_OFFSET-1in50-COASTAL-DEFENDED-DEPTH-2050-SSP5_8.5-PERCENTILE50-v3.1_std_dev,FLOOD_MAP-1_3ARCSEC-NW_OFFSET-1in100-COASTAL-DEFENDED-DEPTH-2050-SSP5_8.5-PERCENTILE50-v3.1_mean,FLOOD_MAP-1_3ARCSEC-NW_OFFSET-1in100-COASTAL-DEFENDED-DEPTH-2050-SSP5_8.5-PERCENTILE50-v3.1_min,FLOOD_MAP-1_3ARCSEC-NW_OFFSET-1in100-COASTAL-DEFENDED-DEPTH-2050-SSP5_8.5-PERCENTILE50-v3.1_max,FLOOD_MAP-1_3ARCSEC-NW_OFFSET-1in100-COASTAL-DEFENDED-DEPTH-2050-SSP5_8.5-PERCENTILE50-v3.1_std_dev,FLOOD_MAP-1_3ARCSEC-NW_OFFSET-1in200-COASTAL-DEFENDED-DEPTH-2050-SSP5_8.5-PERCENTILE50-v3.1_mean,FLOOD_MAP-1_3ARCSEC-NW_OFFSET-1in200-COASTAL-DEFENDED-DEPTH-2050-SSP5_8.5-PERCENTILE50-v3.1_min,FLOOD_MAP-1_3ARCSEC-NW_OFFSET-1in200-COASTAL-DEFENDED-DEPTH-2050-SSP5_8.5-PERCENTILE50-v3.1_max,FLOOD_MAP-1_3ARCSEC-NW_OFFSET-1in200-COASTAL-DEFENDED-DEPTH-2050-SSP5_8.5-PERCENTILE50-v3.1_std_dev,FLOOD_MAP-1_3ARCSEC-NW_OFFSET-1in500-COASTAL-DEFENDED-DEPTH-2050-SSP5_8.5-PERCENTILE50-v3.1_mean,FLOOD_MAP-1_3ARCSEC-NW_OFFSET-1in500-COASTAL-DEFENDED-DEPTH-2050-SSP5_8.5-PERCENTILE50-v3.1_min,FLOOD_MAP-1_3ARCSEC-NW_OFFSET-1in500-COASTAL-DEFENDED-DEPTH-2050-SSP5_8.5-PERCENTILE50-v3.1_max,FLOOD_MAP-1_3ARCSEC-NW_OFFSET-1in500-COASTAL-DEFENDED-DEPTH-2050-SSP5_8.5-PERCENTILE50-v3.1_std_dev,FLOOD_MAP-1_3ARCSEC-NW_OFFSET-1in1000-COASTAL-DEFENDED-DEPTH-2050-SSP5_8.5-PERCENTILE50-v3.1_mean,FLOOD_MAP-1_3ARCSEC-NW_OFFSET-1in1000-COASTAL-DEFENDED-DEPTH-2050-SSP5_8.5-PERCENTILE50-v3.1_min,FLOOD_MAP-1_3ARCSEC-NW_OFFSET-1in1000-COASTAL-DEFENDED-DEPTH-2050-SSP5_8.5-PERCENTILE50-v3.1_max,FLOOD_MAP-1_3ARCSEC-NW_OFFSET-1in1000-COASTAL-DEFENDED-DEPTH-2050-SSP5_8.5-PERCENTILE50-v3.1_std_dev,FLOOD_MAP-1_3ARCSEC-NW_OFFSET-1in5-COASTAL-DEFENDED_KNOWN-DEPTH-2050-SSP5_8.5-PERCENTILE50-v3.1_mean,FLOOD_MAP-1_3ARCSEC-NW_OFFSET-1in5-COASTAL-DEFENDED_KNOWN-DEPTH-2050-SSP5_8.5-PERCENTILE50-v3.1_min,FLOOD_MAP-1_3ARCSEC-NW_OFFSET-1in5-COASTAL-DEFENDED_KNOWN-DEPTH-2050-SSP5_8.5-PERCENTILE50-v3.1_max,FLOOD_MAP-1_3ARCSEC-NW_OFFSET-1in5-COASTAL-DEFENDED_KNOWN-DEPTH-2050-SSP5_8.5-PERCENTILE50-v3.1_std_dev,FLOOD_MAP-1_3ARCSEC-NW_OFFSET-1in10-COASTAL-DEFENDED_KNOWN-DEPTH-2050-SSP5_8.5-PERCENTILE50-v3.1_mean,FLOOD_MAP-1_3ARCSEC-NW_OFFSET-1in10-COASTAL-DEFENDED_KNOWN-DEPTH-2050-SSP5_8.5-PERCENTILE50-v3.1_min,FLOOD_MAP-1_3ARCSEC-NW_OFFSET-1in10-COASTAL-DEFENDED_KNOWN-DEPTH-2050-SSP5_8.5-PERCENTILE50-v3.1_max,FLOOD_MAP-1_3ARCSEC-NW_OFFSET-1in10-COASTAL-DEFENDED_KNOWN-DEPTH-2050-SSP5_8.5-PERCENTILE50-v3.1_std_dev,FLOOD_MAP-1_3ARCSEC-NW_OFFSET-1in20-COASTAL-DEFENDED_KNOWN-DEPTH-2050-SSP5_8.5-PERCENTILE50-v3.1_mean,FLOOD_MAP-1_3ARCSEC-NW_OFFSET-1in20-COASTAL-DEFENDED_KNOWN-DEPTH-2050-SSP5_8.5-PERCENTILE50-v3.1_min,FLOOD_MAP-1_3ARCSEC-NW_OFFSET-1in20-COASTAL-DEFENDED_KNOWN-DEPTH-2050-SSP5_8.5-PERCENTILE50-v3.1_max,FLOOD_MAP-1_3ARCSEC-NW_OFFSET-1in20-COASTAL-DEFENDED_KNOWN-DEPTH-2050-SSP5_8.5-PERCENTILE50-v3.1_std_dev,FLOOD_MAP-1_3ARCSEC-NW_OFFSET-1in50-COASTAL-DEFENDED_KNOWN-DEPTH-2050-SSP5_8.5-PERCENTILE50-v3.1_mean,FLOOD_MAP-1_3ARCSEC-NW_OFFSET-1in50-COASTAL-DEFENDED_KNOWN-DEPTH-2050-SSP5_8.5-PERCENTILE50-v3.1_min,FLOOD_MAP-1_3ARCSEC-NW_OFFSET-1in50-COASTAL-DEFENDED_KNOWN-DEPTH-2050-SSP5_8.5-PERCENTILE50-v3.1_max,FLOOD_MAP-1_3ARCSEC-NW_OFFSET-1in50-COASTAL-DEFENDED_KNOWN-DEPTH-2050-SSP5_8.5-PERCENTILE50-v3.1_std_dev,FLOOD_MAP-1_3ARCSEC-NW_OFFSET-1in100-COASTAL-DEFENDED_KNOWN-DEPTH-2050-SSP5_8.5-PERCENTILE50-v3.1_mean,FLOOD_MAP-1_3ARCSEC-NW_OFFSET-1in100-COASTAL-DEFENDED_KNOWN-DEPTH-2050-SSP5_8.5-PERCENTILE50-v3.1_min,FLOOD_MAP-1_3ARCSEC-NW_OFFSET-1in100-COASTAL-DEFENDED_KNOWN-DEPTH-2050-SSP5_8.5-PERCENTILE50-v3.1_max,FLOOD_MAP-1_3ARCSEC-NW_OFFSET-1in100-COASTAL-DEFENDED_KNOWN-DEPTH-2050-SSP5_8.5-PERCENTILE50-v3.1_std_dev,FLOOD_MAP-1_3ARCSEC-NW_OFFSET-1in200-COASTAL-DEFENDED_KNOWN-DEPTH-2050-SSP5_8.5-PERCENTILE50-v3.1_mean,FLOOD_MAP-1_3ARCSEC-NW_OFFSET-1in200-COASTAL-DEFENDED_KNOWN-DEPTH-2050-SSP5_8.5-PERCENTILE50-v3.1_min,FLOOD_MAP-1_3ARCSEC-NW_OFFSET-1in200-COASTAL-DEFENDED_KNOWN-DEPTH-2050-SSP5_8.5-PERCENTILE50-v3.1_max,FLOOD_MAP-1_3ARCSEC-NW_OFFSET-1in200-COASTAL-DEFENDED_KNOWN-DEPTH-2050-SSP5_8.5-PERCENTILE50-v3.1_std_dev,FLOOD_MAP-1_3ARCSEC-NW_OFFSET-1in500-COASTAL-DEFENDED_KNOWN-DEPTH-2050-SSP5_8.5-PERCENTILE50-v3.1_mean,FLOOD_MAP-1_3ARCSEC-NW_OFFSET-1in500-COASTAL-DEFENDED_KNOWN-DEPTH-2050-SSP5_8.5-PERCENTILE50-v3.1_min,FLOOD_MAP-1_3ARCSEC-NW_OFFSET-1in500-COASTAL-DEFENDED_KNOWN-DEPTH-2050-SSP5_8.5-PERCENTILE50-v3.1_max,FLOOD_MAP-1_3ARCSEC-NW_OFFSET-1in500-COASTAL-DEFENDED_KNOWN-DEPTH-2050-SSP5_8.5-PERCENTILE50-v3.1_std_dev,FLOOD_MAP-1_3ARCSEC-NW_OFFSET-1in1000-COASTAL-DEFENDED_KNOWN-DEPTH-2050-SSP5_8.5-PERCENTILE50-v3.1_mean,FLOOD_MAP-1_3ARCSEC-NW_OFFSET-1in1000-COASTAL-DEFENDED_KNOWN-DEPTH-2050-SSP5_8.5-PERCENTILE50-v3.1_min,FLOOD_MAP-1_3ARCSEC-NW_OFFSET-1in1000-COASTAL-DEFENDED_KNOWN-DEPTH-2050-SSP5_8.5-PERCENTILE50-v3.1_max,FLOOD_MAP-1_3ARCSEC-NW_OFFSET-1in1000-COASTAL-DEFENDED_KNOWN-DEPTH-2050-SSP5_8.5-PERCENTILE50-v3.1_std_dev,FLOOD_MAP-1_3ARCSEC-NW_OFFSET-1in5-COASTAL-UNDEFENDED-DEPTH-2050-SSP5_8.5-PERCENTILE50-v3.1_mean,FLOOD_MAP-1_3ARCSEC-NW_OFFSET-1in5-COASTAL-UNDEFENDED-DEPTH-2050-SSP5_8.5-PERCENTILE50-v3.1_min,FLOOD_MAP-1_3ARCSEC-NW_OFFSET-1in5-COASTAL-UNDEFENDED-DEPTH-2050-SSP5_8.5-PERCENTILE50-v3.1_max,FLOOD_MAP-1_3ARCSEC-NW_OFFSET-1in5-COASTAL-UNDEFENDED-DEPTH-2050-SSP5_8.5-PERCENTILE50-v3.1_std_dev,FLOOD_MAP-1_3ARCSEC-NW_OFFSET-1in10-COASTAL-UNDEFENDED-DEPTH-2050-SSP5_8.5-PERCENTILE50-v3.1_mean,FLOOD_MAP-1_3ARCSEC-NW_OFFSET-1in10-COASTAL-UNDEFENDED-DEPTH-2050-SSP5_8.5-PERCENTILE50-v3.1_min,FLOOD_MAP-1_3ARCSEC-NW_OFFSET-1in10-COASTAL-UNDEFENDED-DEPTH-2050-SSP5_8.5-PERCENTILE50-v3.1_max,FLOOD_MAP-1_3ARCSEC-NW_OFFSET-1in10-COASTAL-UNDEFENDED-DEPTH-2050-SSP5_8.5-PERCENTILE50-v3.1_std_dev,FLOOD_MAP-1_3ARCSEC-NW_OFFSET-1in20-COASTAL-UNDEFENDED-DEPTH-2050-SSP5_8.5-PERCENTILE50-v3.1_mean,FLOOD_MAP-1_3ARCSEC-NW_OFFSET-1in20-COASTAL-UNDEFENDED-DEPTH-2050-SSP5_8.5-PERCENTILE50-v3.1_min,FLOOD_MAP-1_3ARCSEC-NW_OFFSET-1in20-COASTAL-UNDEFENDED-DEPTH-2050-SSP5_8.5-PERCENTILE50-v3.1_max,FLOOD_MAP-1_3ARCSEC-NW_OFFSET-1in20-COASTAL-UNDEFENDED-DEPTH-2050-SSP5_8.5-PERCENTILE50-v3.1_std_dev,FLOOD_MAP-1_3ARCSEC-NW_OFFSET-1in50-COASTAL-UNDEFENDED-DEPTH-2050-SSP5_8.5-PERCENTILE50-v3.1_mean,FLOOD_MAP-1_3ARCSEC-NW_OFFSET-1in50-COASTAL-UNDEFENDED-DEPTH-2050-SSP5_8.5-PERCENTILE50-v3.1_min,FLOOD_MAP-1_3ARCSEC-NW_OFFSET-1in50-COASTAL-UNDEFENDED-DEPTH-2050-SSP5_8.5-PERCENTILE50-v3.1_max,FLOOD_MAP-1_3ARCSEC-NW_OFFSET-1in50-COASTAL-UNDEFENDED-DEPTH-2050-SSP5_8.5-PERCENTILE50-v3.1_std_dev,FLOOD_MAP-1_3ARCSEC-NW_OFFSET-1in100-COASTAL-UNDEFENDED-DEPTH-2050-SSP5_8.5-PERCENTILE50-v3.1_mean,FLOOD_MAP-1_3ARCSEC-NW_OFFSET-1in100-COASTAL-UNDEFENDED-DEPTH-2050-SSP5_8.5-PERCENTILE50-v3.1_min,FLOOD_MAP-1_3ARCSEC-NW_OFFSET-1in100-COASTAL-UNDEFENDED-DEPTH-2050-SSP5_8.5-PERCENTILE50-v3.1_max,FLOOD_MAP-1_3ARCSEC-NW_OFFSET-1in100-COASTAL-UNDEFENDED-DEPTH-2050-SSP5_8.5-PERCENTILE50-v3.1_std_dev,FLOOD_MAP-1_3ARCSEC-NW_OFFSET-1in200-COASTAL-UNDEFENDED-DEPTH-2050-SSP5_8.5-PERCENTILE50-v3.1_mean,FLOOD_MAP-1_3ARCSEC-NW_OFFSET-1in200-COASTAL-UNDEFENDED-DEPTH-2050-SSP5_8.5-PERCENTILE50-v3.1_min,FLOOD_MAP-1_3ARCSEC-NW_OFFSET-1in200-COASTAL-UNDEFENDED-DEPTH-2050-SSP5_8.5-PERCENTILE50-v3.1_max,FLOOD_MAP-1_3ARCSEC-NW_OFFSET-1in200-COASTAL-UNDEFENDED-DEPTH-2050-SSP5_8.5-PERCENTILE50-v3.1_std_dev,FLOOD_MAP-1_3ARCSEC-NW_OFFSET-1in500-COASTAL-UNDEFENDED-DEPTH-2050-SSP5_8.5-PERCENTILE50-v3.1_mean,FLOOD_MAP-1_3ARCSEC-NW_OFFSET-1in500-COASTAL-UNDEFENDED-DEPTH-2050-SSP5_8.5-PERCENTILE50-v3.1_min,FLOOD_MAP-1_3ARCSEC-NW_OFFSET-1in500-COASTAL-UNDEFENDED-DEPTH-2050-SSP5_8.5-PERCENTILE50-v3.1_max,FLOOD_MAP-1_3ARCSEC-NW_OFFSET-1in500-COASTAL-UNDEFENDED-DEPTH-2050-SSP5_8.5-PERCENTILE50-v3.1_std_dev,FLOOD_MAP-1_3ARCSEC-NW_OFFSET-1in1000-COASTAL-UNDEFENDED-DEPTH-2050-SSP5_8.5-PERCENTILE50-v3.1_mean,FLOOD_MAP-1_3ARCSEC-NW_OFFSET-1in1000-COASTAL-UNDEFENDED-DEPTH-2050-SSP5_8.5-PERCENTILE50-v3.1_min,FLOOD_MAP-1_3ARCSEC-NW_OFFSET-1in1000-COASTAL-UNDEFENDED-DEPTH-2050-SSP5_8.5-PERCENTILE50-v3.1_max,FLOOD_MAP-1_3ARCSEC-NW_OFFSET-1in1000-COASTAL-UNDEFENDED-DEPTH-2050-SSP5_8.5-PERCENTILE50-v3.1_std_dev,Location_Short_Name,FLOOD_MAP-1_3ARCSEC-NW_OFFSET-1in1000-ALL-UNDEFENDED-DEPTH-2050-SSP5_8.5-PERCENTILE50-v3.1_mean,FLOOD_MAP-1_3ARCSEC-NW_OFFSET-1in5-ALL-DEFENDED-DEPTH-2050-SSP5_8.5-PERCENTILE50-v3.1_mean,FLOOD_MAP-1_3ARCSEC-NW_OFFSET-1in10-ALL-DEFENDED-DEPTH-2050-SSP5_8.5-PERCENTILE50-v3.1_mean,FLOOD_MAP-1_3ARCSEC-NW_OFFSET-1in20-ALL-DEFENDED-DEPTH-2050-SSP5_8.5-PERCENTILE50-v3.1_mean,FLOOD_MAP-1_3ARCSEC-NW_OFFSET-1in50-ALL-DEFENDED-DEPTH-2050-SSP5_8.5-PERCENTILE50-v3.1_mean,FLOOD_MAP-1_3ARCSEC-NW_OFFSET-1in100-ALL-DEFENDED-DEPTH-2050-SSP5_8.5-PERCENTILE50-v3.1_mean,FLOOD_MAP-1_3ARCSEC-NW_OFFSET-1in200-ALL-DEFENDED-DEPTH-2050-SSP5_8.5-PERCENTILE50-v3.1_mean,FLOOD_MAP-1_3ARCSEC-NW_OFFSET-1in500-ALL-DEFENDED-DEPTH-2050-SSP5_8.5-PERCENTILE50-v3.1_mean,FLOOD_MAP-1_3ARCSEC-NW_OFFSET-1in1000-ALL-DEFENDED-DEPTH-2050-SSP5_8.5-PERCENTILE50-v3.1_mean,FLOOD_MAP-1_3ARCSEC-NW_OFFSET-1in5-ALL-UNDEFENDED-DEPTH-2050-SSP5_8.5-PERCENTILE50-v3.1_mean,FLOOD_MAP-1_3ARCSEC-NW_OFFSET-1in10-ALL-UNDEFENDED-DEPTH-2050-SSP5_8.5-PERCENTILE50-v3.1_mean,FLOOD_MAP-1_3ARCSEC-NW_OFFSET-1in20-ALL-UNDEFENDED-DEPTH-2050-SSP5_8.5-PERCENTILE50-v3.1_mean,FLOOD_MAP-1_3ARCSEC-NW_OFFSET-1in50-ALL-UNDEFENDED-DEPTH-2050-SSP5_8.5-PERCENTILE50-v3.1_mean,FLOOD_MAP-1_3ARCSEC-NW_OFFSET-1in100-ALL-UNDEFENDED-DEPTH-2050-SSP5_8.5-PERCENTILE50-v3.1_mean,FLOOD_MAP-1_3ARCSEC-NW_OFFSET-1in200-ALL-UNDEFENDED-DEPTH-2050-SSP5_8.5-PERCENTILE50-v3.1_mean,FLOOD_MAP-1_3ARCSEC-NW_OFFSET-1in500-ALL-UNDEFENDED-DEPTH-2050-SSP5_8.5-PERCENTILE50-v3.1_mean
36.832328,-119.325407,circle,570,1,0,810,19,8,0,1000,80,13,0,1000,101,17,0,1000,118,19,0,1000,122,20,0,1000,126,22,0,1000,131,23,0,1000,137,1,0,810,19,8,0,1000,80,13,0,1000,101,17,0,1000,118,19,0,1000,122,20,0,1000,126,22,0,1000,131,23,0,1000,137,10,0,1000,87,14,0,1000,105,18,0,1000,119,19,0,1000,124,21,0,1000,128,22,0,1000,132,24,0,1000,140,26,0,1000,146,0,0,0,0,0,0,0,0,0,0,0,0,0,0,0,0,0,0,160,2,0,0,339,7,2,0,1000,31,10,0,1000,77,-32768,-32768,-32768,0,-32768,-32768,-32768,0,-32768,-32768,-32768,0,-32768,-32768,-32768,0,-32768,-32768,-32768,0,-32768,-32768,-32768,0,-32768,-32768,-32768,0,-32768,-32768,-32768,0,-32768,-32768,-32768,0,-32768,-32768,-32768,0,-32768,-32768,-32768,0,-32768,-32768,-32768,0,-32768,-32768,-32768,0,-32768,-32768,-32768,0,-32768,-32768,-32768,0,-32768,-32768,-32768,0,-32768,-32768,-32768,0,-32768,-32768,-32768,0,-32768,-32768,-32768,0,-32768,-32768,-32768,0,-32768,-32768,-32768,0,-32768,-32768,-32768,0,-32768,-32768,-32768,0,-32768,-32768,-32768,0,PineFlatDam,24.3715080420849,1.04353609868182,7.89297375740718,11.6726327246342,16.2147780868303,17.2637561978474,18.5550852581933,20.1056959729109,21.8745918490749,8.91667674446729,12.8644334260491,16.4319748458097,17.7841335107026,19.2009916555811,20.3070504293143,22.3446607812311
39.39433427,-121.1390703,circle,570,24,0,1000,127,41,0,1000,183,47,0,1000,200,53,0,1000,213,54,0,1000,216,56,0,1000,220,62,0,1000,230,75,0,1000,253,24,0,1000,127,41,0,1000,183,47,0,1000,200,53,0,1000,213,54,0,1000,216,56,0,1000,220,62,0,1000,230,75,0,1000,253,43,0,1000,187,48,0,1000,201,53,0,1000,212,55,0,1000,217,56,0,1000,220,60,0,1000,227,77,0,1000,257,84,0,1000,269,22,0,1000,122,27,0,1000,139,28,0,1000,144,41,0,1000,172,51,0,1000,191,62,0,1000,214,74,0,1000,233,94,0,1000,267,-32768,-32768,-32768,0,-32768,-32768,-32768,0,-32768,-32768,-32768,0,-32768,-32768,-32768,0,-32768,-32768,-32768,0,-32768,-32768,-32768,0,-32768,-32768,-32768,0,-32768,-32768,-32768,0,-32768,-32768,-32768,0,-32768,-32768,-32768,0,-32768,-32768,-32768,0,-32768,-32768,-32768,0,-32768,-32768,-32768,0,-32768,-32768,-32768,0,-32768,-32768,-32768,0,-32768,-32768,-32768,0,-32768,-32768,-32768,0,-32768,-32768,-32768,0,-32768,-32768,-32768,0,-32768,-32768,-32768,0,-32768,-32768,-32768,0,-32768,-32768,-32768,0,-32768,-32768,-32768,0,-32768,-32768,-32768,0,NewBullardsBarandFIRO,100.555585464334,25.4277254374159,37.8689098250337,43.0576043068641,57.6541049798116,64.3935397039031,66.5725437415882,76.3456258411844,94.9539703903095,38.9884253028264,43.3127860026918,47.7862718707941,59.2045760430687,65.9773889636608,69.6707940780619,88.4183041722746
37.409058,-122.05066,circle,570,0,0,0,0,0,0,0,0,0,0,0,0,0,0,0,0,0,0,0,0,0,0,0,0,0,0,0,0,0,0,0,0,0,0,0,0,0,0,0,0,0,0,0,0,0,0,0,0,0,0,0,0,0,0,0,0,0,0,0,0,0,0,0,0,0,0,0,0,0,0,0,0,0,0,0,0,0,0,0,0,0,0,0,0,0,0,0,0,0,0,0,0,0,0,0,0,0,0,0,0,0,0,0,0,0,0,98,2,4,0,123,9,7,0,134,11,8,0,149,12,11,0,193,14,13,0,205,15,0,0,0,0,0,0,0,0,0,0,0,0,0,0,0,0,0,0,0,0,0,0,0,0,0,0,0,0,0,0,0,0,0,0,0,0,0,0,0,0,0,0,0,0,0,0,0,0,0,0,0,0,0,0,0,0,0,0,0,0,0,0,0,0,0,0,0,0,0,0,0,0,0,0,0,0,0,0,0,0,0,0,0,0,0,0,0,0,0,0,0,0,0,0,0,0,MoffitArmyAirfield,13.0410202258143,0,0,0.073755178295833,4.26187961985216,7.14564210868329,7.85175858987897,10.4348143936317,13.0410202258143,0,0,0.073755178295833,4.26187961985216,7.14564210868329,7.85175858987897,10.4348143936317
33.752916,-118.10498,circle,570,0,0,0,0,0,0,0,0,0,0,0,0,0,0,23,2,8,0,160,21,20,0,229,41,40,0,249,57,64,0,264,76,0,0,0,0,0,0,0,0,0,0,5,0,5,0,124,15,16,0,230,34,25,0,234,47,41,0,253,59,65,0,268,77,0,0,0,0,0,0,0,0,2,0,52,6,27,0,197,40,48,0,252,62,62,0,262,71,75,0,279,80,82,0,291,84,0,0,0,0,0,0,0,0,0,0,0,0,0,0,40,3,1,0,51,5,2,0,74,7,2,0,77,9,3,0,78,10,8,0,194,19,9,0,196,20,10,0,200,21,14,0,210,29,15,0,214,30,16,0,216,31,18,0,220,32,18,0,222,33,10,0,203,22,11,0,206,23,12,0,208,24,16,0,212,31,17,0,216,32,19,0,218,33,20,0,222,34,21,0,225,35,18,0,224,33,19,0,228,34,20,0,232,35,22,0,236,37,23,0,239,38,24,0,242,39,26,0,246,40,27,0,248,41,SanGabrielRiver,82.1532215543605,8.21744173784667,9.01465780871032,9.79795423389223,14.7772856690921,17.7232943161447,29.3449330380681,41.82357903617,64.1192660550459,17.9073078139829,19.2149108931773,20.3819466413582,28.4170621111463,48.764631445745,61.7511336075082,74.397764420542
33.922708,-117.598171,circle,570,12,0,178,22,32,0,240,43,54,0,274,56,78,0,301,66,96,0,319,72,116,0,340,78,139,0,365,85,157,0,381,91,12,0,178,23,32,0,240,43,54,0,274,56,78,0,301,66,96,0,319,72,116,0,340,78,139,0,365,85,157,0,381,91,14,0,184,24,35,0,249,45,57,0,277,58,81,0,304,67,99,0,322,73,118,0,343,79,141,0,368,86,161,0,385,92,0,0,0,0,0,0,0,0,0,0,15,1,3,0,105,11,7,0,168,17,11,0,196,25,17,0,212,32,22,0,222,36,-32768,-32768,-32768,0,-32768,-32768,-32768,0,-32768,-32768,-32768,0,-32768,-32768,-32768,0,-32768,-32768,-32768,0,-32768,-32768,-32768,0,-32768,-32768,-32768,0,-32768,-32768,-32768,0,-32768,-32768,-32768,0,-32768,-32768,-32768,0,-32768,-32768,-32768,0,-32768,-32768,-32768,0,-32768,-32768,-32768,0,-32768,-32768,-32768,0,-32768,-32768,-32768,0,-32768,-32768,-32768,0,-32768,-32768,-32768,0,-32768,-32768,-32768,0,-32768,-32768,-32768,0,-32768,-32768,-32768,0,-32768,-32768,-32768,0,-32768,-32768,-32768,0,-32768,-32768,-32768,0,-32768,-32768,-32768,0,SantaAnaRiver,156.307383136741,11.720751419834,30.4174748798602,51.6035823503713,75.390126692879,92.9002184359983,111.886850152905,135.419659239843,152.760332022717,13.6673656618611,33.1104412407165,54.6146788990826,77.8231542158148,95.7578855395369,114.511664482307,137.462909567497
34.245528,-119.185889,circle,570,0,0,0,0,4,0,89,14,12,0,168,31,22,0,207,43,31,0,230,50,40,0,253,59,55,0,285,71,69,0,313,83,0,0,0,0,4,0,89,14,12,0,168,31,22,0,207,43,31,0,230,50,40,0,253,59,55,0,285,71,69,0,313,83,0,0,0,0,6,0,107,18,14,0,174,33,23,0,212,44,33,0,236,52,42,0,259,60,58,0,292,74,72,0,319,86,0,0,0,0,18,0,153,28,59,0,328,75,102,0,371,108,133,0,432,132,169,0,494,157,230,0,582,194,269,0,627,208,0,0,0,0,0,0,0,0,0,0,0,0,0,0,0,0,0,0,0,0,0,0,0,0,0,0,0,0,0,0,0,0,0,0,0,0,0,0,0,0,0,0,0,0,0,0,0,0,0,0,0,0,0,0,0,0,0,0,0,0,0,0,0,0,0,0,0,0,0,0,0,0,0,0,0,0,0,0,0,0,0,0,0,0,0,0,0,0,0,0,0,0,0,0,0,0,SantaClaraRiver,262.244753455042,0,16.9311550929875,57.2952567821191,98.7043166695103,128.829295342092,164.141358130012,224.132229994881,262.244753455042,0,16.938065176591,57.295939259512,98.7043166695103,128.829295342092,164.141358130012,224.132229994881
36.15718519,-109.548659,circle,570,0,0,0,0,0,0,0,0,1,0,59,5,2,0,75,7,2,0,80,9,7,0,105,17,25,0,159,42,36,0,185,54,0,0,0,0,1,0,50,4,1,0,69,6,2,0,78,8,2,0,80,9,13,0,120,26,28,0,166,45,38,0,189,55,0,0,0,0,1,0,50,4,1,0,69,6,2,0,78,8,2,0,80,9,13,0,120,26,28,0,166,45,38,0,189,55,0,0,0,0,0,0,25,2,1,0,35,4,2,0,48,7,3,0,59,9,4,0,71,11,6,0,84,13,7,0,92,15,-32768,-32768,-32768,0,-32768,-32768,-32768,0,-32768,-32768,-32768,0,-32768,-32768,-32768,0,-32768,-32768,-32768,0,-32768,-32768,-32768,0,-32768,-32768,-32768,0,-32768,-32768,-32768,0,-32768,-32768,-32768,0,-32768,-32768,-32768,0,-32768,-32768,-32768,0,-32768,-32768,-32768,0,-32768,-32768,-32768,0,-32768,-32768,-32768,0,-32768,-32768,-32768,0,-32768,-32768,-32768,0,-32768,-32768,-32768,0,-32768,-32768,-32768,0,-32768,-32768,-32768,0,-32768,-32768,-32768,0,-32768,-32768,-32768,0,-32768,-32768,-32768,0,-32768,-32768,-32768,0,-32768,-32768,-32768,0,PL84_99,38.9785620052771,0,0.442034960422164,1.89520118733509,3.70184696569921,5.02613786279683,9.94813654353562,26.3533970976253,37.2490930079156,0,0.995300131926122,2.22402704485488,4.05771767810026,5.14272757255937,14.7969162269129,29.0081629287599
36.15718519,-109.548659,circle,570,0,0,0,0,0,0,0,0,1,0,59,5,2,0,75,7,2,0,80,9,7,0,105,17,25,0,159,42,36,0,185,54,0,0,0,0,1,0,50,4,1,0,69,6,2,0,78,8,2,0,80,9,13,0,120,26,28,0,166,45,38,0,189,55,0,0,0,0,1,0,50,4,1,0,69,6,2,0,78,8,2,0,80,9,13,0,120,26,28,0,166,45,38,0,189,55,0,0,0,0,0,0,25,2,1,0,35,4,2,0,48,7,3,0,59,9,4,0,71,11,6,0,84,13,7,0,92,15,-32768,-32768,-32768,0,-32768,-32768,-32768,0,-32768,-32768,-32768,0,-32768,-32768,-32768,0,-32768,-32768,-32768,0,-32768,-32768,-32768,0,-32768,-32768,-32768,0,-32768,-32768,-32768,0,-32768,-32768,-32768,0,-32768,-32768,-32768,0,-32768,-32768,-32768,0,-32768,-32768,-32768,0,-32768,-32768,-32768,0,-32768,-32768,-32768,0,-32768,-32768,-32768,0,-32768,-32768,-32768,0,-32768,-32768,-32768,0,-32768,-32768,-32768,0,-32768,-32768,-32768,0,-32768,-32768,-32768,0,-32768,-32768,-32768,0,-32768,-32768,-32768,0,-32768,-32768,-32768,0,-32768,-32768,-32768,0,PL84_99,38.9785620052771,0,0.442034960422164,1.89520118733509,3.70184696569921,5.02613786279683,9.94813654353562,26.3533970976253,37.2490930079156,0,0.995300131926122,2.22402704485488,4.05771767810026,5.14272757255937,14.7969162269129,29.0081629287599
37.43925164,-122.1802259,circle,570,0,0,0,0,0,0,0,0,0,0,0,0,0,0,0,0,0,0,0,0,0,0,0,0,0,0,0,0,0,0,0,0,0,0,0,0,0,0,0,0,0,0,0,0,0,0,0,0,0,0,0,0,0,0,0,0,0,0,0,0,0,0,0,0,0,0,0,0,0,0,0,0,0,0,0,0,0,0,0,0,0,0,0,0,0,0,0,0,0,0,0,0,0,0,0,0,0,0,0,0,4,0,543,36,13,0,619,71,30,0,741,98,39,0,746,98,43,0,748,99,47,0,751,99,51,0,752,100,0,0,0,0,0,0,0,0,0,0,0,0,0,0,0,0,0,0,0,0,0,0,0,0,0,0,0,0,0,0,0,0,0,0,0,0,0,0,0,0,0,0,0,0,0,0,0,0,0,0,0,0,0,0,0,0,0,0,0,0,0,0,0,0,0,0,0,0,0,0,0,0,0,0,0,0,0,0,0,0,0,0,0,0,0,0,0,0,0,0,0,0,0,0,0,0,MarinCity,50.3694417396949,0,3.90189873417722,12.5747322297955,29.2678513469653,39.083982473223,42.9327328789354,47.17429406037,50.3694417396949,0,3.90189873417722,12.5747322297955,29.2678513469653,39.083982473223,42.9327328789354,47.17429406037
34.01454589,-118.2223845,circle,570,0,0,0,0,0,0,0,0,2,0,257,13,23,0,425,81,30,0,483,102,36,0,532,120,43,0,584,139,49,0,621,156,3,0,277,15,14,0,357,51,24,0,431,84,31,0,488,103,36,0,527,118,40,0,558,129,45,0,596,145,53,0,667,168,3,0,282,16,15,0,367,57,24,0,436,85,31,0,495,105,36,0,531,119,40,0,561,131,46,0,598,146,55,0,683,173,0,0,0,0,0,0,0,0,11,0,543,44,53,0,747,170,75,0,917,221,120,0,1000,275,150,0,1000,276,162,0,1000,274,-32768,-32768,-32768,0,-32768,-32768,-32768,0,-32768,-32768,-32768,0,-32768,-32768,-32768,0,-32768,-32768,-32768,0,-32768,-32768,-32768,0,-32768,-32768,-32768,0,-32768,-32768,-32768,0,-32768,-32768,-32768,0,-32768,-32768,-32768,0,-32768,-32768,-32768,0,-32768,-32768,-32768,0,-32768,-32768,-32768,0,-32768,-32768,-32768,0,-32768,-32768,-32768,0,-32768,-32768,-32768,0,-32768,-32768,-32768,0,-32768,-32768,-32768,0,-32768,-32768,-32768,0,-32768,-32768,-32768,0,-32768,-32768,-32768,0,-32768,-32768,-32768,0,-32768,-32768,-32768,0,-32768,-32768,-32768,0,LARiver,159.136025055019,0,0,10.5184526832572,51.3534789233113,72.3364652107669,116.518791264601,146.359234806162,159.136025055019,2.57431860504486,14.9115456238361,24.0194684272897,51.3764178093787,72.3364652107669,116.518791264601,146.359234806162
35.337685,-120.495139,circle,570,0,0,0,0,0,0,0,0,0,0,0,0,0,0,0,0,0,0,0,0,0,0,0,0,0,0,0,0,0,0,0,0,0,0,0,0,0,0,0,0,0,0,0,0,0,0,0,0,0,0,0,0,0,0,0,0,0,0,0,0,0,0,0,0,0,0,0,0,0,0,0,0,0,0,0,0,0,0,0,0,0,0,0,0,0,0,0,0,0,0,0,0,0,0,0,0,0,0,0,0,0,0,0,0,0,0,175,3,0,0,177,3,0,0,178,4,0,0,249,5,1,0,261,10,2,0,301,19,-32768,-32768,-32768,0,-32768,-32768,-32768,0,-32768,-32768,-32768,0,-32768,-32768,-32768,0,-32768,-32768,-32768,0,-32768,-32768,-32768,0,-32768,-32768,-32768,0,-32768,-32768,-32768,0,-32768,-32768,-32768,0,-32768,-32768,-32768,0,-32768,-32768,-32768,0,-32768,-32768,-32768,0,-32768,-32768,-32768,0,-32768,-32768,-32768,0,-32768,-32768,-32768,0,-32768,-32768,-32768,0,-32768,-32768,-32768,0,-32768,-32768,-32768,0,-32768,-32768,-32768,0,-32768,-32768,-32768,0,-32768,-32768,-32768,0,-32768,-32768,-32768,0,-32768,-32768,-32768,0,-32768,-32768,-32768,0,SalinasDam,2.40148631502628,0,0,0.139206090266449,0.142287475077035,0.40547398948704,0.542504984593076,0.981511691136487,2.40148631502628,0,0,0.139206090266449,0.142287475077035,0.40547398948704,0.542504984593076,0.981511691136487
38.06691929,-102.9450108,circle,570,0,0,0,0,0,0,0,0,0,0,0,0,0,0,0,0,0,0,0,0,0,0,0,0,0,0,0,0,0,0,0,0,0,0,0,0,0,0,0,0,0,0,0,0,0,0,0,0,0,0,0,0,0,0,0,0,0,0,0,0,0,0,0,0,0,0,0,0,0,0,0,0,0,0,0,0,0,0,0,0,0,0,0,0,0,0,0,0,0,0,0,0,0,0,0,0,0,0,0,0,0,0,0,0,0,0,0,0,0,0,0,0,0,0,0,0,0,0,0,0,0,0,0,0,0,0,0,0,-32768,-32768,-32768,0,-32768,-32768,-32768,0,-32768,-32768,-32768,0,-32768,-32768,-32768,0,-32768,-32768,-32768,0,-32768,-32768,-32768,0,-32768,-32768,-32768,0,-32768,-32768,-32768,0,-32768,-32768,-32768,0,-32768,-32768,-32768,0,-32768,-32768,-32768,0,-32768,-32768,-32768,0,-32768,-32768,-32768,0,-32768,-32768,-32768,0,-32768,-32768,-32768,0,-32768,-32768,-32768,0,-32768,-32768,-32768,0,-32768,-32768,-32768,0,-32768,-32768,-32768,0,-32768,-32768,-32768,0,-32768,-32768,-32768,0,-32768,-32768,-32768,0,-32768,-32768,-32768,0,-32768,-32768,-32768,0,JohnMartinDam,0,0,0,0,0,0,0,0,0,0,0,0,0,0,0,0
39.21843647,-123.1733889,circle,570,0,0,0,0,0,0,0,0,0,0,0,0,0,0,0,0,0,0,0,0,0,0,0,0,0,0,0,0,0,0,0,0,0,0,0,0,0,0,0,0,0,0,0,0,0,0,0,0,0,0,0,0,0,0,0,0,0,0,0,0,0,0,0,0,0,0,0,0,0,0,0,0,0,0,0,0,0,0,0,0,0,0,0,0,0,0,0,0,0,0,0,0,0,0,0,0,0,0,0,0,0,0,0,0,0,0,0,0,0,0,0,0,0,0,0,0,0,0,0,0,0,0,0,0,0,0,0,0,-32768,-32768,-32768,0,-32768,-32768,-32768,0,-32768,-32768,-32768,0,-32768,-32768,-32768,0,-32768,-32768,-32768,0,-32768,-32768,-32768,0,-32768,-32768,-32768,0,-32768,-32768,-32768,0,-32768,-32768,-32768,0,-32768,-32768,-32768,0,-32768,-32768,-32768,0,-32768,-32768,-32768,0,-32768,-32768,-32768,0,-32768,-32768,-32768,0,-32768,-32768,-32768,0,-32768,-32768,-32768,0,-32768,-32768,-32768,0,-32768,-32768,-32768,0,-32768,-32768,-32768,0,-32768,-32768,-32768,0,-32768,-32768,-32768,0,-32768,-32768,-32768,0,-32768,-32768,-32768,0,-32768,-32768,-32768,0,LakeMendocino,0,0,0,0,0,0,0,0,0,0,0,0,0,0,0,0
34.23964163,-113.5927946,circle,570,0,0,0,0,0,0,0,0,0,0,0,0,0,0,0,0,0,0,0,0,0,0,0,0,0,0,0,0,0,0,0,0,0,0,0,0,0,0,0,0,0,0,0,0,0,0,0,0,0,0,0,0,0,0,0,0,0,0,0,0,0,0,0,0,0,0,0,0,0,0,0,0,0,0,0,0,0,0,0,0,0,0,0,0,0,0,0,0,0,0,0,0,0,0,0,0,0,0,0,0,0,0,0,0,0,0,0,0,0,0,0,0,0,0,152,3,6,0,451,40,6,0,452,42,6,0,454,43,-32768,-32768,-32768,0,-32768,-32768,-32768,0,-32768,-32768,-32768,0,-32768,-32768,-32768,0,-32768,-32768,-32768,0,-32768,-32768,-32768,0,-32768,-32768,-32768,0,-32768,-32768,-32768,0,-32768,-32768,-32768,0,-32768,-32768,-32768,0,-32768,-32768,-32768,0,-32768,-32768,-32768,0,-32768,-32768,-32768,0,-32768,-32768,-32768,0,-32768,-32768,-32768,0,-32768,-32768,-32768,0,-32768,-32768,-32768,0,-32768,-32768,-32768,0,-32768,-32768,-32768,0,-32768,-32768,-32768,0,-32768,-32768,-32768,0,-32768,-32768,-32768,0,-32768,-32768,-32768,0,-32768,-32768,-32768,0,AlamoDam,6.70864197530864,0,0,0,0,0.0375308641975309,6.21407407407407,6.53481481481482,6.70864197530864,0,0,0,0,0.0375308641975309,6.21407407407407,6.53481481481482
37.3738296,-121.9330129,circle,570,0,0,0,0,0,0,0,0,0,0,0,0,0,0,0,0,0,0,0,0,0,0,0,0,1,0,69,6,7,0,350,36,0,0,0,0,0,0,0,0,0,0,0,0,0,0,0,0,0,0,0,0,0,0,0,0,3,0,291,26,8,0,352,38,0,0,0,0,0,0,0,0,0,0,0,0,0,0,0,0,0,0,10,0,4,0,294,27,29,0,354,50,47,0,501,74,0,0,0,0,9,0,332,34,24,0,461,73,49,0,521,86,68,0,535,90,74,0,542,92,86,0,554,95,95,0,559,98,0,0,0,0,0,0,0,0,0,0,0,0,0,0,0,0,0,0,0,0,0,0,0,0,0,0,0,0,0,0,0,0,0,0,0,0,0,0,0,0,0,0,0,0,0,0,0,0,0,0,0,0,0,0,0,0,0,0,0,0,0,0,0,0,0,0,0,0,0,0,0,0,0,0,0,0,0,0,0,0,0,0,0,0,0,0,0,0,0,0,0,0,0,0,0,0,GuadalupeRiver,94.6448810586994,0,8.26694812048388,23.477388974588,47.9780790776975,66.9572136072096,73.275797678006,85.7423073800439,94.6177640659251,0,8.26694812048388,23.477388974588,47.9780790776975,66.9572136072096,73.2770155070228,85.7479905821223
33.07389205,-113.0120769,circle,570,0,0,0,0,42,0,285,69,112,0,646,176,128,0,673,193,139,0,693,204,149,0,709,214,162,0,730,227,173,0,746,237,0,0,0,0,42,0,285,69,112,0,646,176,128,0,673,193,139,0,693,204,149,0,709,214,162,0,730,227,173,0,746,237,0,0,0,0,59,0,358,97,115,0,651,179,131,0,678,196,142,0,697,207,152,0,714,217,166,0,736,231,177,0,752,241,0,0,43,3,1,0,71,7,2,0,93,10,4,0,115,15,6,0,133,19,7,0,148,23,9,0,164,27,10,0,175,30,-32768,-32768,-32768,0,-32768,-32768,-32768,0,-32768,-32768,-32768,0,-32768,-32768,-32768,0,-32768,-32768,-32768,0,-32768,-32768,-32768,0,-32768,-32768,-32768,0,-32768,-32768,-32768,0,-32768,-32768,-32768,0,-32768,-32768,-32768,0,-32768,-32768,-32768,0,-32768,-32768,-32768,0,-32768,-32768,-32768,0,-32768,-32768,-32768,0,-32768,-32768,-32768,0,-32768,-32768,-32768,0,-32768,-32768,-32768,0,-32768,-32768,-32768,0,-32768,-32768,-32768,0,-32768,-32768,-32768,0,-32768,-32768,-32768,0,-32768,-32768,-32768,0,-32768,-32768,-32768,0,-32768,-32768,-32768,0,PaintedRockDam,176.773630136986,0.305821917808219,41.9306506849315,112.180821917808,128.472431506849,139.150256849315,149.097003424658,162.466010273973,172.74897260274,0.305821917808219,59.7492294520548,115.189897260274,131.226198630137,142.049743150685,152.362071917808,166.002654109589
34.98679312,-120.32369,circle,570,0,0,0,0,0,0,0,0,0,0,0,0,0,0,0,0,4,0,253,20,7,0,336,32,10,0,399,45,14,0,448,56,0,0,0,0,0,0,0,0,0,0,0,0,0,0,0,0,4,0,253,20,7,0,336,32,10,0,399,45,14,0,448,56,0,0,0,0,0,0,0,0,0,0,0,0,0,0,0,0,4,0,278,23,7,0,347,34,11,0,408,47,14,0,458,58,0,0,0,0,0,0,0,0,0,0,47,2,0,0,61,4,0,0,65,4,1,0,114,6,1,0,225,9,10,0,357,36,-32768,-32768,-32768,0,-32768,-32768,-32768,0,-32768,-32768,-32768,0,-32768,-32768,-32768,0,-32768,-32768,-32768,0,-32768,-32768,-32768,0,-32768,-32768,-32768,0,-32768,-32768,-32768,0,-32768,-32768,-32768,0,-32768,-32768,-32768,0,-32768,-32768,-32768,0,-32768,-32768,-32768,0,-32768,-32768,-32768,0,-32768,-32768,-32768,0,-32768,-32768,-32768,0,-32768,-32768,-32768,0,-32768,-32768,-32768,0,-32768,-32768,-32768,0,-32768,-32768,-32768,0,-32768,-32768,-32768,0,-32768,-32768,-32768,0,-32768,-32768,-32768,0,-32768,-32768,-32768,0,-32768,-32768,-32768,0,TwitchellDam,16.9354706684857,0,0,0.212278308321965,0.426603001364257,3.78799454297408,7.26698499317872,11.6643929058663,16.1586630286494,0,0,0.212278308321965,0.426603001364257,4.65088676671214,7.93096862210096,12.3553888130969
34.34355774,-117.234188,circle,570,0,0,0,0,0,0,0,0,0,0,0,0,0,0,0,0,0,0,0,0,0,0,0,0,0,0,0,0,0,0,0,0,0,0,0,0,0,0,0,0,0,0,0,0,0,0,0,0,0,0,0,0,0,0,0,0,0,0,0,0,0,0,0,0,0,0,0,0,0,0,0,0,0,0,0,0,0,0,0,0,0,0,0,0,0,0,0,0,0,0,0,0,0,0,0,0,0,0,0,0,0,0,0,0,0,0,0,0,3,0,444,25,10,0,508,49,75,0,959,165,136,0,1000,273,159,0,1000,307,-32768,-32768,-32768,0,-32768,-32768,-32768,0,-32768,-32768,-32768,0,-32768,-32768,-32768,0,-32768,-32768,-32768,0,-32768,-32768,-32768,0,-32768,-32768,-32768,0,-32768,-32768,-32768,0,-32768,-32768,-32768,0,-32768,-32768,-32768,0,-32768,-32768,-32768,0,-32768,-32768,-32768,0,-32768,-32768,-32768,0,-32768,-32768,-32768,0,-32768,-32768,-32768,0,-32768,-32768,-32768,0,-32768,-32768,-32768,0,-32768,-32768,-32768,0,-32768,-32768,-32768,0,-32768,-32768,-32768,0,-32768,-32768,-32768,0,-32768,-32768,-32768,0,-32768,-32768,-32768,0,-32768,-32768,-32768,0,MojaveRiverDam,154.082756875316,0,0,0,2.97266745402396,9.71258646870255,73.0226927619369,131.695798886452,154.082756875316,0,0,0,2.97266745402396,9.71258646870255,73.0226927619369,131.695798886452
33.88981862,-117.6413016,circle,570,0,0,44,3,2,0,192,12,4,0,451,21,11,0,526,38,15,0,541,46,18,0,556,53,24,0,576,63,29,0,591,72,1,0,191,12,2,0,195,13,4,0,451,22,11,0,526,38,15,0,541,46,18,0,556,53,24,0,576,63,29,0,591,72,1,0,192,12,2,0,197,13,5,0,468,23,11,0,528,39,15,0,543,47,19,0,557,54,25,0,578,64,30,0,593,73,0,0,0,0,0,0,0,0,0,0,36,1,4,0,208,19,5,0,215,24,10,0,265,38,27,0,489,71,47,0,537,99,-32768,-32768,-32768,0,-32768,-32768,-32768,0,-32768,-32768,-32768,0,-32768,-32768,-32768,0,-32768,-32768,-32768,0,-32768,-32768,-32768,0,-32768,-32768,-32768,0,-32768,-32768,-32768,0,-32768,-32768,-32768,0,-32768,-32768,-32768,0,-32768,-32768,-32768,0,-32768,-32768,-32768,0,-32768,-32768,-32768,0,-32768,-32768,-32768,0,-32768,-32768,-32768,0,-32768,-32768,-32768,0,-32768,-32768,-32768,0,-32768,-32768,-32768,0,-32768,-32768,-32768,0,-32768,-32768,-32768,0,-32768,-32768,-32768,0,-32768,-32768,-32768,0,-32768,-32768,-32768,0,-32768,-32768,-32768,0,PradoDam,50.1412775093935,0.256897477187332,1.54696725711218,3.79506172839506,11.5757380568975,15.8008588298443,19.645732689211,31.8155662909286,49.8184648416533,1.43285024154589,2.01771336553945,5.28931830381106,12.3485775630703,16.7773483628556,20.3161567364466,32.3200214707461
34.02019872,-118.0828568,circle,570,0,0,0,0,0,0,0,0,0,0,0,0,19,0,195,33,59,0,343,85,94,0,436,126,128,0,559,166,158,0,614,187,0,0,0,0,0,0,0,0,1,0,51,3,42,0,298,64,82,0,405,110,104,0,494,138,133,0,572,172,162,0,625,192,0,0,0,0,0,0,0,0,14,0,117,22,69,0,362,90,101,0,438,123,126,0,529,149,159,0,603,179,185,0,656,200,0,0,0,0,0,0,102,3,24,0,303,43,179,0,648,199,242,0,764,240,271,0,817,260,304,0,880,283,326,0,921,299,-32768,-32768,-32768,0,-32768,-32768,-32768,0,-32768,-32768,-32768,0,-32768,-32768,-32768,0,-32768,-32768,-32768,0,-32768,-32768,-32768,0,-32768,-32768,-32768,0,-32768,-32768,-32768,0,-32768,-32768,-32768,0,-32768,-32768,-32768,0,-32768,-32768,-32768,0,-32768,-32768,-32768,0,-32768,-32768,-32768,0,-32768,-32768,-32768,0,-32768,-32768,-32768,0,-32768,-32768,-32768,0,-32768,-32768,-32768,0,-32768,-32768,-32768,0,-32768,-32768,-32768,0,-32768,-32768,-32768,0,-32768,-32768,-32768,0,-32768,-32768,-32768,0,-32768,-32768,-32768,0,-32768,-32768,-32768,0,WhittierNarrowsDam,319.575139617533,0,0.360297850736165,22.9565916398714,174.080639702149,236.850143848367,265.020054154679,297.909037062109,319.548569978,0,0.360297850736165,23.6209172448807,174.276950414622,237.079708918599,265.110932475884,297.945845320697
34.16779433,-118.4723597,circle,570,0,0,0,0,0,0,0,0,0,0,0,0,0,0,0,0,0,0,0,0,0,0,0,0,0,0,0,0,0,0,0,0,0,0,0,0,0,0,0,0,0,0,0,0,0,0,0,0,0,0,0,0,0,0,0,0,0,0,0,0,0,0,0,0,0,0,0,0,0,0,0,0,0,0,0,0,0,0,0,0,0,0,0,0,0,0,0,0,0,0,0,0,0,0,0,0,0,0,0,0,4,0,359,27,19,0,546,63,63,0,668,107,98,0,706,125,117,0,725,133,140,0,749,142,156,0,765,148,-32768,-32768,-32768,0,-32768,-32768,-32768,0,-32768,-32768,-32768,0,-32768,-32768,-32768,0,-32768,-32768,-32768,0,-32768,-32768,-32768,0,-32768,-32768,-32768,0,-32768,-32768,-32768,0,-32768,-32768,-32768,0,-32768,-32768,-32768,0,-32768,-32768,-32768,0,-32768,-32768,-32768,0,-32768,-32768,-32768,0,-32768,-32768,-32768,0,-32768,-32768,-32768,0,-32768,-32768,-32768,0,-32768,-32768,-32768,0,-32768,-32768,-32768,0,-32768,-32768,-32768,0,-32768,-32768,-32768,0,-32768,-32768,-32768,0,-32768,-32768,-32768,0,-32768,-32768,-32768,0,-32768,-32768,-32768,0,SepulvedaDam,154.754187569084,0,4.16954340617294,18.6072612873055,62.5143270130091,97.1138508630219,116.440948898903,138.983844911147,154.754187569084,0,4.16954340617294,18.6072612873055,62.5143270130091,97.1138508630219,116.440948898903,138.983844911147
